dataset,model,condition,required_calls,output_segments,count
independent,qwen1.5b,flat,3,2,288
independent,qwen1.5b,flat,4,2,288
independent,qwen1.5b,flat,5,2,288
independent,qwen1.5b,flat,6,2,288
independent,qwen1.5b,flat,8,2,288
independent,qwen1.5b,frozen,3,0,96
independent,qwen1.5b,frozen,4,0,96
independent,qwen1.5b,frozen,5,0,96
independent,qwen1.5b,frozen,6,0,96
independent,qwen1.5b,frozen,8,0,96
independent,qwen1.5b,macro,3,2,134
independent,qwen1.5b,macro,3,3,154
independent,qwen1.5b,macro,4,2,65
independent,qwen1.5b,macro,4,3,145
independent,qwen1.5b,macro,4,4,78
independent,qwen1.5b,macro,5,2,31
independent,qwen1.5b,macro,5,3,94
independent,qwen1.5b,macro,5,4,138
independent,qwen1.5b,macro,5,5,22
independent,qwen1.5b,macro,5,6,3
independent,qwen1.5b,macro,6,2,35
independent,qwen1.5b,macro,6,3,95
independent,qwen1.5b,macro,6,4,76
independent,qwen1.5b,macro,6,5,75
independent,qwen1.5b,macro,6,6,7
independent,qwen1.5b,macro,8,2,18
independent,qwen1.5b,macro,8,3,60
independent,qwen1.5b,macro,8,4,54
independent,qwen1.5b,macro,8,5,70
independent,qwen1.5b,macro,8,6,55
independent,qwen1.5b,macro,8,7,28
independent,qwen1.5b,macro,8,8,3
independent,qwen32b,flat,3,2,4
independent,qwen32b,flat,3,3,284
independent,qwen32b,flat,4,2,3
independent,qwen32b,flat,4,3,146
independent,qwen32b,flat,4,4,139
independent,qwen32b,flat,5,3,43
independent,qwen32b,flat,5,4,223
independent,qwen32b,flat,5,5,22
independent,qwen32b,flat,6,2,1
independent,qwen32b,flat,6,3,31
independent,qwen32b,flat,6,4,143
independent,qwen32b,flat,6,5,108
independent,qwen32b,flat,6,6,5
independent,qwen32b,flat,8,3,1
independent,qwen32b,flat,8,4,46
independent,qwen32b,flat,8,5,121
independent,qwen32b,flat,8,6,119
independent,qwen32b,flat,8,7,1
independent,qwen32b,frozen,3,0,96
independent,qwen32b,frozen,4,0,96
independent,qwen32b,frozen,5,0,96
independent,qwen32b,frozen,6,0,96
independent,qwen32b,frozen,8,0,96
independent,qwen32b,macro,3,2,17
independent,qwen32b,macro,3,3,271
independent,qwen32b,macro,4,2,2
independent,qwen32b,macro,4,3,75
independent,qwen32b,macro,4,4,211
independent,qwen32b,macro,5,2,8
independent,qwen32b,macro,5,3,27
independent,qwen32b,macro,5,4,74
independent,qwen32b,macro,5,5,177
independent,qwen32b,macro,5,6,2
independent,qwen32b,macro,6,2,1
independent,qwen32b,macro,6,3,38
independent,qwen32b,macro,6,4,53
independent,qwen32b,macro,6,5,97
independent,qwen32b,macro,6,6,99
independent,qwen32b,macro,8,2,5
independent,qwen32b,macro,8,3,21
independent,qwen32b,macro,8,4,40
independent,qwen32b,macro,8,5,45
independent,qwen32b,macro,8,6,55
independent,qwen32b,macro,8,7,40
independent,qwen32b,macro,8,8,82
independent,qwen3b,flat,3,2,288
independent,qwen3b,flat,4,2,288
independent,qwen3b,flat,5,2,288
independent,qwen3b,flat,6,2,288
independent,qwen3b,flat,8,2,288
independent,qwen3b,frozen,3,0,96
independent,qwen3b,frozen,4,0,96
independent,qwen3b,frozen,5,0,96
independent,qwen3b,frozen,6,0,96
independent,qwen3b,frozen,8,0,96
independent,qwen3b,macro,3,2,39
independent,qwen3b,macro,3,3,249
independent,qwen3b,macro,4,2,12
independent,qwen3b,macro,4,3,55
independent,qwen3b,macro,4,4,217
independent,qwen3b,macro,4,5,4
independent,qwen3b,macro,5,2,10
independent,qwen3b,macro,5,3,21
independent,qwen3b,macro,5,4,100
independent,qwen3b,macro,5,5,153
independent,qwen3b,macro,5,6,4
independent,qwen3b,macro,6,2,4
independent,qwen3b,macro,6,3,43
independent,qwen3b,macro,6,4,55
independent,qwen3b,macro,6,5,71
independent,qwen3b,macro,6,6,98
independent,qwen3b,macro,6,7,13
independent,qwen3b,macro,6,8,4
independent,qwen3b,macro,8,2,8
independent,qwen3b,macro,8,3,38
independent,qwen3b,macro,8,4,25
independent,qwen3b,macro,8,5,15
independent,qwen3b,macro,8,6,78
independent,qwen3b,macro,8,7,79
independent,qwen3b,macro,8,8,42
independent,qwen3b,macro,8,9,2
independent,qwen3b,macro,8,10,1
independent,qwen7b,flat,3,2,61
independent,qwen7b,flat,3,3,227
independent,qwen7b,flat,4,2,31
independent,qwen7b,flat,4,3,245
independent,qwen7b,flat,4,4,12
independent,qwen7b,flat,5,2,64
independent,qwen7b,flat,5,3,111
independent,qwen7b,flat,5,4,109
independent,qwen7b,flat,5,5,4
independent,qwen7b,flat,6,2,68
independent,qwen7b,flat,6,3,90
independent,qwen7b,flat,6,4,81
independent,qwen7b,flat,6,5,44
independent,qwen7b,flat,6,6,5
independent,qwen7b,flat,8,2,79
independent,qwen7b,flat,8,3,74
independent,qwen7b,flat,8,4,33
independent,qwen7b,flat,8,5,60
independent,qwen7b,flat,8,6,40
independent,qwen7b,flat,8,7,2
independent,qwen7b,frozen,3,0,96
independent,qwen7b,frozen,4,0,96
independent,qwen7b,frozen,5,0,96
independent,qwen7b,frozen,6,0,96
independent,qwen7b,frozen,8,0,96
independent,qwen7b,macro,3,2,26
independent,qwen7b,macro,3,3,262
independent,qwen7b,macro,4,2,4
independent,qwen7b,macro,4,3,89
independent,qwen7b,macro,4,4,195
independent,qwen7b,macro,5,2,9
independent,qwen7b,macro,5,3,44
independent,qwen7b,macro,5,4,105
independent,qwen7b,macro,5,5,130
independent,qwen7b,macro,6,3,38
independent,qwen7b,macro,6,4,51
independent,qwen7b,macro,6,5,93
independent,qwen7b,macro,6,6,104
independent,qwen7b,macro,6,7,2
independent,qwen7b,macro,8,2,4
independent,qwen7b,macro,8,3,18
independent,qwen7b,macro,8,4,35
independent,qwen7b,macro,8,5,51
independent,qwen7b,macro,8,6,45
independent,qwen7b,macro,8,7,85
independent,qwen7b,macro,8,8,49
independent,qwen7b,macro,8,9,1
original,qwen1.5b,flat,1,1,33
original,qwen1.5b,flat,2,2,351
original,qwen1.5b,flat,3,2,432
original,qwen1.5b,flat,4,2,432
original,qwen1.5b,flat,5,2,432
original,qwen1.5b,macro,1,1,33
original,qwen1.5b,macro,2,2,351
original,qwen1.5b,macro,3,2,172
original,qwen1.5b,macro,3,3,260
original,qwen1.5b,macro,4,2,111
original,qwen1.5b,macro,4,3,218
original,qwen1.5b,macro,4,4,103
original,qwen1.5b,macro,5,2,51
original,qwen1.5b,macro,5,3,108
original,qwen1.5b,macro,5,4,193
original,qwen1.5b,macro,5,5,80
original,qwen32b,flat,1,1,33
original,qwen32b,flat,2,2,351
original,qwen32b,flat,3,2,3
original,qwen32b,flat,3,3,429
original,qwen32b,flat,4,3,249
original,qwen32b,flat,4,4,183
original,qwen32b,flat,5,3,98
original,qwen32b,flat,5,4,274
original,qwen32b,flat,5,5,60
original,qwen32b,macro,1,1,33
original,qwen32b,macro,2,2,351
original,qwen32b,macro,3,2,16
original,qwen32b,macro,3,3,416
original,qwen32b,macro,4,2,13
original,qwen32b,macro,4,3,89
original,qwen32b,macro,4,4,330
original,qwen32b,macro,5,2,3
original,qwen32b,macro,5,3,76
original,qwen32b,macro,5,4,119
original,qwen32b,macro,5,5,233
original,qwen32b,macro,5,6,1
original,qwen3b,flat,1,1,33
original,qwen3b,flat,2,2,351
original,qwen3b,flat,3,2,432
original,qwen3b,flat,4,2,432
original,qwen3b,flat,5,2,432
original,qwen3b,macro,1,1,33
original,qwen3b,macro,2,2,351
original,qwen3b,macro,3,2,27
original,qwen3b,macro,3,3,405
original,qwen3b,macro,4,2,20
original,qwen3b,macro,4,3,66
original,qwen3b,macro,4,4,341
original,qwen3b,macro,4,5,5
original,qwen3b,macro,5,2,4
original,qwen3b,macro,5,3,56
original,qwen3b,macro,5,4,152
original,qwen3b,macro,5,5,210
original,qwen3b,macro,5,6,10
original,qwen7b,flat,1,1,33
original,qwen7b,flat,2,2,351
original,qwen7b,flat,3,2,142
original,qwen7b,flat,3,3,290
original,qwen7b,flat,4,2,40
original,qwen7b,flat,4,3,370
original,qwen7b,flat,4,4,22
original,qwen7b,flat,5,2,114
original,qwen7b,flat,5,3,177
original,qwen7b,flat,5,4,116
original,qwen7b,flat,5,5,25
original,qwen7b,macro,1,1,33
original,qwen7b,macro,2,2,351
original,qwen7b,macro,3,2,35
original,qwen7b,macro,3,3,397
original,qwen7b,macro,4,2,14
original,qwen7b,macro,4,3,113
original,qwen7b,macro,4,4,305
original,qwen7b,macro,5,2,16
original,qwen7b,macro,5,3,39
original,qwen7b,macro,5,4,170
original,qwen7b,macro,5,5,207
