model,condition,split,n,accuracy,strict_trace,correct_prefix_early_answer,exact_two_tools_early_answer,two_output_segments,budget_hit,wrong_operation,numeric_step_error,format_extra_lines,missing_or_multiple_answer
qwen1.5b,flat,iid,384,1,1,0,0,0.9140625,0,0,0,0,0
qwen1.5b,flat,ood,1152,0.0008680555555555555,0,0.8758680555555556,0.8689236111111112,1,0,0.12239583333333333,0.001736111111111111,0,0
qwen1.5b,flat,pressure,144,0.006944444444444444,0,0.8819444444444444,0.8819444444444444,1,0,0.06944444444444445,0.04861111111111111,0,0
qwen1.5b,macro,iid,384,1,1,0,0,0.9140625,0,0,0,0,0
qwen1.5b,macro,ood,1152,0.2977430555555556,0.2977430555555556,0.4322916666666667,0.23177083333333334,0.2630208333333333,0,0.2699652777777778,0,0,0
qwen1.5b,macro,pressure,144,0.3611111111111111,0.3541666666666667,0.4027777777777778,0.20833333333333334,0.2152777777777778,0,0.2361111111111111,0.013888888888888888,0,0
qwen3b,flat,iid,384,1,1,0,0,0.9140625,0,0,0,0,0
qwen3b,flat,ood,1152,0.0008680555555555555,0,0.8914930555555556,0.8819444444444444,1,0,0.10850694444444445,0,0.003472222222222222,0
qwen3b,flat,pressure,144,0,0,0.8680555555555556,0.8680555555555556,1,0,0.13194444444444445,0,0,0
qwen3b,macro,iid,384,1,1,0,0,0.9140625,0,0,0,0,0
qwen3b,macro,ood,1152,0.6076388888888888,0.5972222222222222,0.20572916666666666,0.026909722222222224,0.044270833333333336,0,0.19618055555555555,0.0008680555555555555,0,0
qwen3b,macro,pressure,144,0.625,0.5972222222222222,0.2013888888888889,0,0,0,0.19444444444444445,0.006944444444444444,0,0
qwen7b,flat,iid,384,1,1,0,0,0.9140625,0,0,0,0,0
qwen7b,flat,ood,1152,0.18055555555555555,0.1796875,0.5868055555555556,0.2300347222222222,0.2361111111111111,0,0.2326388888888889,0.001736111111111111,0,0
qwen7b,flat,pressure,144,0.22916666666666666,0.18055555555555555,0.625,0.16666666666666666,0.16666666666666666,0,0.1875,0.006944444444444444,0,0
qwen7b,macro,iid,384,1,1,0,0,0.9140625,0,0,0,0,0
qwen7b,macro,ood,1152,0.5894097222222222,0.5789930555555556,0.2638888888888889,0.046875,0.049479166666666664,0,0.15711805555555555,0,0,0
qwen7b,macro,pressure,144,0.6736111111111112,0.6597222222222222,0.2222222222222222,0.05555555555555555,0.05555555555555555,0,0.11805555555555555,0,0,0
qwen32b,flat,iid,384,1,1,0,0,0.9140625,0,0,0,0,0
qwen32b,flat,ood,1152,0.4435763888888889,0.4427083333333333,0.3836805555555556,0.0026041666666666665,0.0026041666666666665,0,0.1736111111111111,0,0,0
qwen32b,flat,pressure,144,0.5069444444444444,0.4791666666666667,0.2638888888888889,0,0,0,0.2569444444444444,0,0,0
qwen32b,macro,iid,384,1,1,0,0,0.9140625,0,0,0,0,0
qwen32b,macro,ood,1152,0.7369791666666666,0.7300347222222222,0.2170138888888889,0.026909722222222224,0.026909722222222224,0,0.05295138888888889,0,0,0
qwen32b,macro,pressure,144,0.8125,0.8125,0.1388888888888889,0.006944444444444444,0.006944444444444444,0,0.04861111111111111,0,0,0
