domain,family,family_gain,pressure,pressure_gain,seed,short,short_gain,source,start_sha
strings,0.90625,0.0234375,0.25,0.125,33,0.984375,0.03125,legacy,ab28db68e90b0d16a3d26e49d81a67db06527df36fac9915d62d5b8cbf6ba0c1
strings,0.859375,-0.0234375,0.203125,0.078125,33,0.984375,0.03125,updated,ab28db68e90b0d16a3d26e49d81a67db06527df36fac9915d62d5b8cbf6ba0c1
strings,0.8203125,-0.0078125,0.15625,0.015625,22,0.984375,0.015625,legacy,4b7fb2eccd709f7ea09b8376ebb313a93f1c2c116e5ac8090881d7145df01282
strings,0.9140625,0.0859375,0.25,0.109375,22,0.984375,0.015625,updated,4b7fb2eccd709f7ea09b8376ebb313a93f1c2c116e5ac8090881d7145df01282
digits,0.9765625,0.171875,1.0,0.234375,22,1.0,0.0,base,e6afc01313c957b0747bfbe52a4dc4f8b4da3e1268c82ae4a5e8d6ba1a9d5854
strings,0.8828125,-0.0390625,0.21875,-0.046875,11,0.96875,-0.015625,base,8f2ebfa54950632ebe1f9e1dde6fae66ceb9c0c3caa3bb95b32d4681a86aa112
digits,0.796875,-0.15625,0.796875,-0.125,33,0.96875,-0.03125,legacy,09837d57fb65fad734baeb12b41716c2bc4c4e9e9dd3dcdd615e5cdcddf16ad9
digits,0.8828125,-0.0703125,0.875,-0.046875,33,0.984375,-0.015625,base,09837d57fb65fad734baeb12b41716c2bc4c4e9e9dd3dcdd615e5cdcddf16ad9
digits,0.9609375,0.0390625,0.9375,-0.015625,11,1.0,0.0,base,0e84bc41bc14a37ab77aec3d53bafaef18f716a208c5c8090e44b89e45763322
strings,0.96875,0.046875,0.28125,0.015625,11,1.0,0.015625,legacy,8f2ebfa54950632ebe1f9e1dde6fae66ceb9c0c3caa3bb95b32d4681a86aa112
strings,0.9140625,0.0859375,0.234375,0.09375,22,0.921875,-0.046875,base,4b7fb2eccd709f7ea09b8376ebb313a93f1c2c116e5ac8090881d7145df01282
digits,0.875,0.0703125,0.875,0.109375,22,1.0,0.0,legacy,e6afc01313c957b0747bfbe52a4dc4f8b4da3e1268c82ae4a5e8d6ba1a9d5854
digits,0.9921875,0.0703125,0.96875,0.015625,11,1.0,0.0,updated,0e84bc41bc14a37ab77aec3d53bafaef18f716a208c5c8090e44b89e45763322
digits,0.8671875,-0.0859375,0.859375,-0.0625,33,0.953125,-0.046875,updated,09837d57fb65fad734baeb12b41716c2bc4c4e9e9dd3dcdd615e5cdcddf16ad9
strings,0.953125,0.0703125,0.25,0.125,33,0.984375,0.03125,base,ab28db68e90b0d16a3d26e49d81a67db06527df36fac9915d62d5b8cbf6ba0c1
digits,0.9609375,0.0390625,0.9375,-0.015625,11,1.0,0.0,legacy,0e84bc41bc14a37ab77aec3d53bafaef18f716a208c5c8090e44b89e45763322
digits,0.984375,0.1796875,0.984375,0.21875,22,1.0,0.0,updated,e6afc01313c957b0747bfbe52a4dc4f8b4da3e1268c82ae4a5e8d6ba1a9d5854
strings,0.8359375,-0.0859375,0.296875,0.03125,11,0.953125,-0.03125,updated,8f2ebfa54950632ebe1f9e1dde6fae66ceb9c0c3caa3bb95b32d4681a86aa112
