budget,compression,family,proposal_contains_ends,seed,selected,style,temperature
4,0.0,16,0.25,11,[],instruction,1.0
16,0.0,16,0.1875,11,[],instruction,1.0
64,0.2053872053872054,16,0.140625,11,[222],instruction,1.0
4,0.037037037037037035,16,0.25,11,[77],concise,1.0
16,0.1111111111111111,16,0.125,11,"[76, 77]",concise,1.0
64,0.2053872053872054,16,0.15625,11,[222],concise,1.0
4,0.037037037037037035,16,0.25,11,[77],fewshot,1.0
16,0.1111111111111111,16,0.125,11,"[76, 77]",fewshot,1.0
64,0.2053872053872054,16,0.09375,11,[222],fewshot,1.0
4,0.0,16,0.25,11,[],instruction,1.5
16,0.07407407407407407,16,0.25,11,[76],instruction,1.5
64,0.2053872053872054,16,0.28125,11,[222],instruction,1.5
4,0.03987730061349693,17,0.75,11,[89],instruction,1.0
16,0.08282208588957055,17,0.75,11,"[89, 105]",instruction,1.0
64,0.2147239263803681,17,0.640625,11,[235],instruction,1.0
4,0.5828220858895705,17,1,11,"[143, 235, 249]",concise,1.0
16,0.5828220858895705,17,0.9375,11,"[143, 235, 249]",concise,1.0
64,0.5828220858895705,17,0.984375,11,"[143, 235, 249]",concise,1.0
4,0.26226993865030673,17,1,11,"[32, 249]",fewshot,1.0
16,0.3006134969325153,17,1,11,"[11, 233, 249]",fewshot,1.0
64,0.5828220858895705,17,1,11,"[143, 235, 249]",fewshot,1.0
4,0.08282208588957055,17,1,11,"[89, 105]",instruction,1.5
16,0.08282208588957055,17,0.75,11,"[89, 105]",instruction,1.5
64,0.08282208588957055,17,0.65625,11,"[89, 105]",instruction,1.5
4,0.21021021021021022,18,0,11,[84],instruction,1.0
16,0.21021021021021022,18,0.0625,11,[84],instruction,1.0
64,0.21021021021021022,18,0.015625,11,[84],instruction,1.0
4,0.21021021021021022,18,0,11,[84],concise,1.0
16,0.21021021021021022,18,0,11,[84],concise,1.0
64,0.21021021021021022,18,0,11,[84],concise,1.0
4,0.21021021021021022,18,0,11,[84],fewshot,1.0
16,0.21021021021021022,18,0.1875,11,[84],fewshot,1.0
64,0.4294294294294294,18,0.234375,11,"[69, 84]",fewshot,1.0
4,0.21021021021021022,18,0,11,[84],instruction,1.5
16,0.21021021021021022,18,0.0625,11,[84],instruction,1.5
64,0.21021021021021022,18,0.03125,11,[84],instruction,1.5
4,0.0,19,1,11,[],instruction,1.0
16,0.0,19,0.9375,11,[],instruction,1.0
64,0.059800664451827246,19,0.90625,11,[125],instruction,1.0
4,0.16943521594684385,19,0.5,11,"[124, 143]",concise,1.0
16,0.16611295681063123,19,0.25,11,"[124, 125]",concise,1.0
64,0.14119601328903655,19,0.359375,11,"[14, 125]",concise,1.0
4,0.17275747508305647,19,1,11,[250],fewshot,1.0
16,0.17275747508305647,19,1,11,[250],fewshot,1.0
64,0.22591362126245848,19,0.96875,11,"[16, 250]",fewshot,1.0
4,0.06312292358803986,19,0.75,11,[143],instruction,1.5
16,0.06312292358803986,19,0.75,11,[143],instruction,1.5
64,0.059800664451827246,19,0.828125,11,[125],instruction,1.5
4,0.07228915662650602,20,0,11,[73],instruction,1.0
16,0.07228915662650602,20,0,11,[73],instruction,1.0
64,0.13855421686746988,20,0,11,[6],instruction,1.0
4,0.07228915662650602,20,0,11,[73],concise,1.0
16,0.3373493975903614,20,0.125,11,"[73, 140]",concise,1.0
64,0.4036144578313253,20,0.09375,11,"[6, 140]",concise,1.0
4,0.13855421686746988,20,0,11,[6],fewshot,1.0
16,0.1706827309236948,20,0,11,"[6, 44]",fewshot,1.0
64,0.1706827309236948,20,0.03125,11,"[6, 44]",fewshot,1.0
4,0.07228915662650602,20,0,11,[73],instruction,1.5
16,0.10441767068273092,20,0,11,"[44, 73]",instruction,1.5
64,0.1706827309236948,20,0.015625,11,"[6, 44]",instruction,1.5
4,0.34915773353751917,21,0.75,11,"[47, 131]",instruction,1.0
16,0.4655436447166922,21,0.5625,11,"[131, 217]",instruction,1.0
64,0.4655436447166922,21,0.484375,11,"[131, 217]",instruction,1.0
4,0.22358346094946402,21,0.5,11,[217],concise,1.0
16,0.4655436447166922,21,0.75,11,"[131, 217]",concise,1.0
64,0.5696784073506891,21,0.78125,11,"[30, 131, 217]",concise,1.0
4,0.10413476263399694,21,0.25,11,[47],fewshot,1.0
16,0.26952526799387444,21,0.625,11,"[51, 217]",fewshot,1.0
64,0.5696784073506891,21,0.71875,11,"[30, 131, 217]",fewshot,1.0
4,0.10413476263399694,21,0.5,11,[47],instruction,1.5
16,0.4655436447166922,21,0.5,11,"[131, 217]",instruction,1.5
64,0.4655436447166922,21,0.515625,11,"[131, 217]",instruction,1.5
4,0.08141592920353982,22,1,11,[105],instruction,1.0
16,0.08141592920353982,22,0.9375,11,[105],instruction,1.0
64,0.08141592920353982,22,0.90625,11,[105],instruction,1.0
4,0.0,22,0.75,11,[],concise,1.0
16,0.37168141592920356,22,0.9375,11,"[11, 178]",concise,1.0
64,0.37168141592920356,22,0.96875,11,"[11, 178]",concise,1.0
4,0.0,22,1,11,[],fewshot,1.0
16,0.37168141592920356,22,1,11,"[11, 178]",fewshot,1.0
64,0.37168141592920356,22,0.984375,11,"[11, 178]",fewshot,1.0
4,0.08141592920353982,22,0.75,11,[105],instruction,1.5
16,0.1433628318584071,22,0.875,11,"[11, 105]",instruction,1.5
64,0.1433628318584071,22,0.8125,11,"[11, 105]",instruction,1.5
4,0.19295558958652373,23,0.75,11,[236],instruction,1.0
16,0.19295558958652373,23,0.625,11,[236],instruction,1.0
64,0.19295558958652373,23,0.65625,11,[236],instruction,1.0
4,0.19295558958652373,23,1,11,[236],concise,1.0
16,0.19295558958652373,23,1,11,[236],concise,1.0
64,0.19295558958652373,23,0.984375,11,[236],concise,1.0
4,0.19295558958652373,23,1,11,[236],fewshot,1.0
16,0.19295558958652373,23,1,11,[236],fewshot,1.0
64,0.2879019908116386,23,0.984375,11,"[30, 236]",fewshot,1.0
4,0.19295558958652373,23,0.75,11,[236],instruction,1.5
16,0.37978560490045943,23,0.6875,11,"[210, 236]",instruction,1.5
64,0.37978560490045943,23,0.59375,11,"[210, 236]",instruction,1.5
4,0.0,24,0,11,[],instruction,1.0
16,0.0,24,0,11,[130],instruction,1.0
64,0.027906976744186046,24,0,11,"[42, 130]",instruction,1.0
4,0.027906976744186046,24,0,11,[42],concise,1.0
16,0.027906976744186046,24,0,11,[42],concise,1.0
64,0.027906976744186046,24,0,11,[42],concise,1.0
4,0.027906976744186046,24,0,11,[42],fewshot,1.0
16,0.027906976744186046,24,0,11,[42],fewshot,1.0
64,0.12403100775193798,24,0,11,"[1, 42]",fewshot,1.0
4,0.0,24,0,11,[],instruction,1.5
16,0.0,24,0,11,[130],instruction,1.5
64,0.027906976744186046,24,0,11,"[42, 130]",instruction,1.5
4,0.0,25,0.75,11,[],instruction,1.0
16,0.030821917808219176,25,0.875,11,[102],instruction,1.0
64,0.20205479452054795,25,0.90625,11,[47],instruction,1.0
4,0.20205479452054795,25,1,11,[47],concise,1.0
16,0.20205479452054795,25,1,11,[47],concise,1.0
64,0.20205479452054795,25,1,11,[47],concise,1.0
4,0.20205479452054795,25,1,11,[47],fewshot,1.0
16,0.20205479452054795,25,0.9375,11,[47],fewshot,1.0
64,0.3236301369863014,25,0.921875,11,"[32, 47]",fewshot,1.0
4,0.0,25,0.5,11,[],instruction,1.5
16,0.20205479452054795,25,0.75,11,[47],instruction,1.5
64,0.4486301369863014,25,0.796875,11,"[47, 176]",instruction,1.5
4,0.0,26,0.25,11,[],instruction,1.0
16,0.17563739376770537,26,0.125,11,[123],instruction,1.0
64,0.39660056657223797,26,0.234375,11,"[123, 240]",instruction,1.0
4,0.0,26,0.75,11,[],concise,1.0
16,0.17563739376770537,26,0.6875,11,[123],concise,1.0
64,0.17563739376770537,26,0.78125,11,[123],concise,1.0
4,0.0,26,1,11,[],fewshot,1.0
16,0.0,26,0.875,11,[],fewshot,1.0
64,0.0,26,0.9375,11,[],fewshot,1.0
4,0.0,26,0.25,11,[],instruction,1.5
16,0.17563739376770537,26,0.25,11,[123],instruction,1.5
64,0.39660056657223797,26,0.296875,11,"[123, 240]",instruction,1.5
4,0.1731066460587326,27,1,11,[83],instruction,1.0
16,0.1731066460587326,27,1,11,[83],instruction,1.0
64,0.1731066460587326,27,0.921875,11,[83],instruction,1.0
4,0.1731066460587326,27,1,11,[83],concise,1.0
16,0.1731066460587326,27,0.875,11,[83],concise,1.0
64,0.1731066460587326,27,0.90625,11,[83],concise,1.0
4,0.1731066460587326,27,0.75,11,[83],fewshot,1.0
16,0.1731066460587326,27,0.875,11,[83],fewshot,1.0
64,0.1731066460587326,27,0.859375,11,[83],fewshot,1.0
4,0.1731066460587326,27,0.75,11,[83],instruction,1.5
16,0.1731066460587326,27,0.8125,11,[83],instruction,1.5
64,0.1731066460587326,27,0.78125,11,[83],instruction,1.5
4,0.21035058430717862,28,0,11,[78],instruction,1.0
16,0.21035058430717862,28,0,11,[78],instruction,1.0
64,0.21035058430717862,28,0,11,[78],instruction,1.0
4,0.21035058430717862,28,0,11,[78],concise,1.0
16,0.21035058430717862,28,0,11,[78],concise,1.0
64,0.21035058430717862,28,0,11,[78],concise,1.0
4,0.21035058430717862,28,0,11,[78],fewshot,1.0
16,0.31886477462437396,28,0,11,"[6, 78]",fewshot,1.0
64,0.31886477462437396,28,0,11,"[6, 78]",fewshot,1.0
4,0.21035058430717862,28,0,11,[78],instruction,1.5
16,0.21035058430717862,28,0,11,[78],instruction,1.5
64,0.24373956594323873,28,0,11,"[72, 78]",instruction,1.5
4,0.10256410256410256,29,1,11,[107],instruction,1.0
16,0.10256410256410256,29,1,11,[107],instruction,1.0
64,0.10256410256410256,29,0.984375,11,[107],instruction,1.0
4,0.20512820512820512,29,1,11,[251],concise,1.0
16,0.20512820512820512,29,1,11,[251],concise,1.0
64,0.20512820512820512,29,0.90625,11,[251],concise,1.0
4,0.22735042735042735,29,1,11,[11],fewshot,1.0
16,0.27521367521367524,29,1,11,"[11, 107]",fewshot,1.0
64,0.27521367521367524,29,0.984375,11,"[11, 107]",fewshot,1.0
4,0.10256410256410256,29,1,11,[107],instruction,1.5
16,0.27521367521367524,29,1,11,"[11, 107]",instruction,1.5
64,0.27521367521367524,29,0.953125,11,"[11, 107]",instruction,1.5
4,0.0,30,0,11,[],instruction,1.0
16,0.0,30,0,11,[],instruction,1.0
64,0.0,30,0,11,[],instruction,1.0
4,0.0,30,0,11,[],concise,1.0
16,0.0,30,0,11,[],concise,1.0
64,0.0,30,0,11,[],concise,1.0
4,0.0,30,0,11,[],fewshot,1.0
16,0.0,30,0,11,[],fewshot,1.0
64,0.025196850393700787,30,0.015625,11,[7],fewshot,1.0
4,0.0,30,0,11,[],instruction,1.5
16,0.0,30,0,11,[],instruction,1.5
64,0.047244094488188976,30,0.046875,11,[82],instruction,1.5
4,0.0,31,0,11,[],instruction,1.0
16,0.0,31,0,11,[],instruction,1.0
64,0.03498542274052478,31,0.078125,11,[102],instruction,1.0
4,0.17784256559766765,31,0,11,[132],concise,1.0
16,0.17784256559766765,31,0,11,[132],concise,1.0
64,0.39067055393586003,31,0.109375,11,"[132, 220]",concise,1.0
4,0.0,31,0,11,[],fewshot,1.0
16,0.0,31,0,11,[],fewshot,1.0
64,0.39067055393586003,31,0.125,11,"[132, 220]",fewshot,1.0
4,0.03498542274052478,31,0.25,11,[102],instruction,1.5
16,0.03498542274052478,31,0.0625,11,[102],instruction,1.5
64,0.3935860058309038,31,0.15625,11,"[132, 145]",instruction,1.5
4,0.037037037037037035,16,0.75,22,[77],instruction,1.0
16,0.2053872053872054,16,0.75,22,[222],instruction,1.0
64,0.2053872053872054,16,0.6875,22,[222],instruction,1.0
4,0.10101010101010101,16,0.5,22,[6],concise,1.0
16,0.2053872053872054,16,0.6875,22,[222],concise,1.0
64,0.2053872053872054,16,0.578125,22,[222],concise,1.0
4,0.10101010101010101,16,0,22,[6],fewshot,1.0
16,0.2053872053872054,16,0.4375,22,[222],fewshot,1.0
64,0.2053872053872054,16,0.421875,22,[222],fewshot,1.0
4,0.037037037037037035,16,0.75,22,[77],instruction,1.5
16,0.2053872053872054,16,0.875,22,[222],instruction,1.5
64,0.2053872053872054,16,0.65625,22,[222],instruction,1.5
4,0.03987730061349693,17,0.25,22,[89],instruction,1.0
16,0.2147239263803681,17,0.5,22,[235],instruction,1.0
64,0.2147239263803681,17,0.515625,22,[235],instruction,1.0
4,0.19631901840490798,17,1,22,[143],concise,1.0
16,0.4110429447852761,17,1,22,"[143, 235]",concise,1.0
64,0.5828220858895705,17,0.984375,22,"[143, 235, 249]",concise,1.0
4,0.3328220858895706,17,1,22,"[17, 249]",fewshot,1.0
16,0.39723926380368096,17,1,22,"[17, 143, 249]",fewshot,1.0
64,0.39723926380368096,17,1,22,"[17, 143, 249]",fewshot,1.0
4,0.03987730061349693,17,0.75,22,[89],instruction,1.5
16,0.3113496932515337,17,0.625,22,"[17, 235]",instruction,1.5
64,0.4110429447852761,17,0.5625,22,"[143, 235]",instruction,1.5
4,0.21021021021021022,18,0,22,[84],instruction,1.0
16,0.21021021021021022,18,0,22,[84],instruction,1.0
64,0.21021021021021022,18,0,22,[84],instruction,1.0
4,0.21021021021021022,18,0,22,[84],concise,1.0
16,0.21021021021021022,18,0,22,[84],concise,1.0
64,0.21021021021021022,18,0,22,[84],concise,1.0
4,0.21021021021021022,18,0,22,[84],fewshot,1.0
16,0.21021021021021022,18,0,22,[84],fewshot,1.0
64,0.21021021021021022,18,0,22,[84],fewshot,1.0
4,0.21021021021021022,18,0,22,[84],instruction,1.5
16,0.21021021021021022,18,0,22,[84],instruction,1.5
64,0.21021021021021022,18,0,22,[84],instruction,1.5
4,0.1362126245847176,19,0.5,22,"[17, 124]",instruction,1.0
16,0.16611295681063123,19,0.5625,22,"[124, 125]",instruction,1.0
64,0.2059800664451827,19,0.59375,22,"[124, 143, 242]",instruction,1.0
4,0.1362126245847176,19,0.25,22,"[17, 124]",concise,1.0
16,0.16611295681063123,19,0.25,22,"[124, 125]",concise,1.0
64,0.14119601328903655,19,0.234375,22,"[14, 125]",concise,1.0
4,0.17275747508305647,19,1,22,[250],fewshot,1.0
16,0.17275747508305647,19,1,22,[250],fewshot,1.0
64,0.287375415282392,19,0.9375,22,"[14, 250]",fewshot,1.0
4,0.1362126245847176,19,0.75,22,"[17, 124]",instruction,1.5
16,0.16611295681063123,19,0.6875,22,"[124, 125]",instruction,1.5
64,0.19102990033222592,19,0.625,22,"[14, 143, 242]",instruction,1.5
4,0.07228915662650602,20,0,22,[73],instruction,1.0
16,0.13855421686746988,20,0.0625,22,[6],instruction,1.0
64,0.13855421686746988,20,0.03125,22,[6],instruction,1.0
4,0.07228915662650602,20,0,22,[73],concise,1.0
16,0.4036144578313253,20,0.25,22,"[6, 140]",concise,1.0
64,0.4036144578313253,20,0.234375,22,"[6, 140]",concise,1.0
4,0.13855421686746988,20,0,22,[6],fewshot,1.0
16,0.13855421686746988,20,0.125,22,[6],fewshot,1.0
64,0.4036144578313253,20,0.078125,22,"[6, 140]",fewshot,1.0
4,0.07228915662650602,20,0,22,[73],instruction,1.5
16,0.18473895582329317,20,0.125,22,"[6, 109]",instruction,1.5
64,0.18473895582329317,20,0.09375,22,"[6, 109]",instruction,1.5
4,0.0,21,0.25,22,[],instruction,1.0
16,0.4655436447166922,21,0.4375,22,"[131, 217]",instruction,1.0
64,0.4655436447166922,21,0.59375,22,"[131, 217]",instruction,1.0
4,0.4655436447166922,21,0.5,22,"[131, 217]",concise,1.0
16,0.4655436447166922,21,0.6875,22,"[131, 217]",concise,1.0
64,0.4655436447166922,21,0.828125,22,"[131, 217]",concise,1.0
4,0.4655436447166922,21,1,22,"[131, 217]",fewshot,1.0
16,0.5696784073506891,21,1,22,"[30, 131, 217]",fewshot,1.0
64,0.5696784073506891,21,0.90625,22,"[30, 131, 217]",fewshot,1.0
4,0.0,21,0.5,22,[],instruction,1.5
16,0.4655436447166922,21,0.5,22,"[131, 217]",instruction,1.5
64,0.4655436447166922,21,0.484375,22,"[131, 217]",instruction,1.5
4,0.08141592920353982,22,0.75,22,[105],instruction,1.0
16,0.08141592920353982,22,0.8125,22,[105],instruction,1.0
64,0.08141592920353982,22,0.90625,22,[105],instruction,1.0
4,0.08141592920353982,22,1,22,[105],concise,1.0
16,0.1486725663716814,22,0.8125,22,[239],concise,1.0
64,0.37168141592920356,22,0.890625,22,"[11, 178]",concise,1.0
4,0.1433628318584071,22,1,22,"[11, 105]",fewshot,1.0
16,0.37168141592920356,22,1,22,"[11, 178]",fewshot,1.0
64,0.37168141592920356,22,1,22,"[11, 178]",fewshot,1.0
4,0.08141592920353982,22,0.75,22,[105],instruction,1.5
16,0.08141592920353982,22,0.625,22,[105],instruction,1.5
64,0.20530973451327433,22,0.78125,22,"[11, 105, 177]",instruction,1.5
4,0.02450229709035222,23,0.75,22,[161],instruction,1.0
16,0.19295558958652373,23,0.75,22,[236],instruction,1.0
64,0.19295558958652373,23,0.671875,22,[236],instruction,1.0
4,0.19295558958652373,23,0.25,22,[236],concise,1.0
16,0.19295558958652373,23,0.625,22,[236],concise,1.0
64,0.19295558958652373,23,0.671875,22,[236],concise,1.0
4,0.19295558958652373,23,1,22,[236],fewshot,1.0
16,0.19295558958652373,23,1,22,[236],fewshot,1.0
64,0.2879019908116386,23,1,22,"[30, 236]",fewshot,1.0
4,0.02450229709035222,23,0.5,22,[161],instruction,1.5
16,0.19295558958652373,23,0.625,22,[236],instruction,1.5
64,0.19295558958652373,23,0.609375,22,[236],instruction,1.5
4,0.0,24,0,22,[],instruction,1.0
16,0.0,24,0.0625,22,[130],instruction,1.0
64,0.16899224806201552,24,0.015625,22,"[6, 94, 130]",instruction,1.0
4,0.0,24,0,22,[],concise,1.0
16,0.0,24,0,22,[],concise,1.0
64,0.0,24,0,22,[130],concise,1.0
4,0.0,24,0,22,[],fewshot,1.0
16,0.11317829457364341,24,0.0625,22,"[1, 130]",fewshot,1.0
64,0.12403100775193798,24,0.015625,22,"[1, 42, 130]",fewshot,1.0
4,0.0,24,0,22,[],instruction,1.5
16,0.0,24,0.0625,22,[130],instruction,1.5
64,0.20465116279069767,24,0.015625,22,"[76, 94, 130]",instruction,1.5
4,0.0,25,0.75,22,[],instruction,1.0
16,0.0,25,0.8125,22,[],instruction,1.0
64,0.06506849315068493,25,0.796875,22,[105],instruction,1.0
4,0.20205479452054795,25,0.75,22,[47],concise,1.0
16,0.20205479452054795,25,0.625,22,[47],concise,1.0
64,0.20205479452054795,25,0.6875,22,[47],concise,1.0
4,0.20205479452054795,25,0.5,22,[47],fewshot,1.0
16,0.20205479452054795,25,0.5625,22,[47],fewshot,1.0
64,0.3236301369863014,25,0.71875,22,"[32, 47]",fewshot,1.0
4,0.06506849315068493,25,0.25,22,[105],instruction,1.5
16,0.06506849315068493,25,0.5,22,[105],instruction,1.5
64,0.06506849315068493,25,0.578125,22,[105],instruction,1.5
4,0.17563739376770537,26,0.25,22,[123],instruction,1.0
16,0.17563739376770537,26,0.5,22,[123],instruction,1.0
64,0.39660056657223797,26,0.328125,22,"[123, 240]",instruction,1.0
4,0.0,26,1,22,[],concise,1.0
16,0.17563739376770537,26,0.875,22,[123],concise,1.0
64,0.39660056657223797,26,0.78125,22,"[123, 240]",concise,1.0
4,0.0,26,1,22,[],fewshot,1.0
16,0.0,26,1,22,[],fewshot,1.0
64,0.22096317280453256,26,0.953125,22,[240],fewshot,1.0
4,0.22096317280453256,26,0.5,22,[240],instruction,1.5
16,0.39660056657223797,26,0.625,22,"[123, 240]",instruction,1.5
64,0.39660056657223797,26,0.390625,22,"[123, 240]",instruction,1.5
4,0.1731066460587326,27,0.5,22,[83],instruction,1.0
16,0.1731066460587326,27,0.8125,22,[83],instruction,1.0
64,0.1731066460587326,27,0.609375,22,[83],instruction,1.0
4,0.1731066460587326,27,0.5,22,[83],concise,1.0
16,0.1731066460587326,27,0.75,22,[83],concise,1.0
64,0.1731066460587326,27,0.609375,22,[83],concise,1.0
4,0.1731066460587326,27,0.75,22,[83],fewshot,1.0
16,0.1731066460587326,27,0.6875,22,[83],fewshot,1.0
64,0.1731066460587326,27,0.578125,22,[83],fewshot,1.0
4,0.3987635239567233,27,0.5,22,"[83, 250]",instruction,1.5
16,0.3987635239567233,27,0.6875,22,"[83, 250]",instruction,1.5
64,0.3987635239567233,27,0.53125,22,"[83, 250]",instruction,1.5
4,0.21035058430717862,28,0,22,[78],instruction,1.0
16,0.21035058430717862,28,0,22,[78],instruction,1.0
64,0.21035058430717862,28,0.015625,22,[78],instruction,1.0
4,0.21035058430717862,28,0,22,[78],concise,1.0
16,0.21035058430717862,28,0,22,[78],concise,1.0
64,0.21035058430717862,28,0,22,[78],concise,1.0
4,0.21035058430717862,28,0,22,[78],fewshot,1.0
16,0.31886477462437396,28,0,22,"[6, 78]",fewshot,1.0
64,0.31886477462437396,28,0,22,"[6, 78]",fewshot,1.0
4,0.21035058430717862,28,0,22,[78],instruction,1.5
16,0.21035058430717862,28,0,22,[78],instruction,1.5
64,0.31886477462437396,28,0.03125,22,"[6, 78]",instruction,1.5
4,0.10256410256410256,29,1,22,[107],instruction,1.0
16,0.27521367521367524,29,0.9375,22,"[11, 107]",instruction,1.0
64,0.42735042735042733,29,0.96875,22,"[11, 251]",instruction,1.0
4,0.0,29,0.5,22,[],concise,1.0
16,0.42735042735042733,29,0.5,22,"[11, 251]",concise,1.0
64,0.42735042735042733,29,0.5625,22,"[11, 251]",concise,1.0
4,0.22735042735042735,29,0.75,22,[11],fewshot,1.0
16,0.22735042735042735,29,0.625,22,[11],fewshot,1.0
64,0.22735042735042735,29,0.65625,22,[11],fewshot,1.0
4,0.0,29,0.5,22,[],instruction,1.5
16,0.10256410256410256,29,0.625,22,[107],instruction,1.5
64,0.42735042735042733,29,0.8125,22,"[11, 251]",instruction,1.5
4,0.0,30,0.25,22,[],instruction,1.0
16,0.047244094488188976,30,0.0625,22,[82],instruction,1.0
64,0.047244094488188976,30,0.03125,22,[82],instruction,1.0
4,0.0,30,0,22,[],concise,1.0
16,0.0,30,0,22,[],concise,1.0
64,0.0,30,0,22,[],concise,1.0
4,0.0,30,0,22,[],fewshot,1.0
16,0.0,30,0,22,[],fewshot,1.0
64,0.025196850393700787,30,0,22,[7],fewshot,1.0
4,0.0,30,0.25,22,[],instruction,1.5
16,0.047244094488188976,30,0.1875,22,[82],instruction,1.5
64,0.08503937007874016,30,0.109375,22,"[82, 97]",instruction,1.5
4,0.17784256559766765,31,0,22,[132],instruction,1.0
16,0.17784256559766765,31,0,22,[132],instruction,1.0
64,0.17784256559766765,31,0,22,[132],instruction,1.0
4,0.17784256559766765,31,0,22,[132],concise,1.0
16,0.17784256559766765,31,0,22,[132],concise,1.0
64,0.17784256559766765,31,0,22,[132],concise,1.0
4,0.08746355685131195,31,0,22,[16],fewshot,1.0
16,0.17784256559766765,31,0.0625,22,[132],fewshot,1.0
64,0.39067055393586003,31,0.03125,22,"[132, 220]",fewshot,1.0
4,0.17784256559766765,31,0,22,[132],instruction,1.5
16,0.17784256559766765,31,0.0625,22,[132],instruction,1.5
64,0.17784256559766765,31,0.078125,22,[132],instruction,1.5
4,0.0,16,0.75,33,[],instruction,1.0
16,0.0,16,0.75,33,[],instruction,1.0
64,0.2053872053872054,16,0.875,33,[222],instruction,1.0
4,0.037037037037037035,16,0.75,33,[77],concise,1.0
16,0.1111111111111111,16,0.75,33,"[76, 77]",concise,1.0
64,0.2053872053872054,16,0.765625,33,[222],concise,1.0
4,0.10101010101010101,16,0.75,33,[6],fewshot,1.0
16,0.13468013468013468,16,0.6875,33,"[6, 76]",fewshot,1.0
64,0.2053872053872054,16,0.640625,33,[222],fewshot,1.0
4,0.0,16,0.75,33,[],instruction,1.5
16,0.0,16,0.75,33,[],instruction,1.5
64,0.2053872053872054,16,0.75,33,[222],instruction,1.5
4,0.04294478527607362,17,0.75,33,[105],instruction,1.0
16,0.08282208588957055,17,0.5625,33,"[89, 105]",instruction,1.0
64,0.4110429447852761,17,0.59375,33,"[143, 235]",instruction,1.0
4,0.3773006134969325,17,1,33,"[143, 249]",concise,1.0
16,0.3773006134969325,17,1,33,"[143, 249]",concise,1.0
64,0.5828220858895705,17,1,33,"[143, 235, 249]",concise,1.0
4,0.2791411042944785,17,1,33,"[233, 249]",fewshot,1.0
16,0.39723926380368096,17,1,33,"[17, 143, 249]",fewshot,1.0
64,0.5828220858895705,17,1,33,"[143, 235, 249]",fewshot,1.0
4,0.04294478527607362,17,0.75,33,[105],instruction,1.5
16,0.08282208588957055,17,0.625,33,"[89, 105]",instruction,1.5
64,0.254601226993865,17,0.671875,33,"[233, 235]",instruction,1.5
4,0.21021021021021022,18,0,33,[84],instruction,1.0
16,0.21021021021021022,18,0,33,[84],instruction,1.0
64,0.21021021021021022,18,0,33,[84],instruction,1.0
4,0.21021021021021022,18,0,33,[84],concise,1.0
16,0.21021021021021022,18,0,33,[84],concise,1.0
64,0.21021021021021022,18,0,33,[84],concise,1.0
4,0.21021021021021022,18,0,33,[84],fewshot,1.0
16,0.21021021021021022,18,0,33,[84],fewshot,1.0
64,0.4294294294294294,18,0.03125,33,"[69, 84]",fewshot,1.0
4,0.21021021021021022,18,0,33,[84],instruction,1.5
16,0.21021021021021022,18,0,33,[84],instruction,1.5
64,0.21021021021021022,18,0,33,[84],instruction,1.5
4,0.0,19,1,33,[],instruction,1.0
16,0.0,19,0.9375,33,[],instruction,1.0
64,0.16611295681063123,19,0.90625,33,"[124, 125]",instruction,1.0
4,0.10631229235880399,19,0,33,[124],concise,1.0
16,0.10631229235880399,19,0,33,[124],concise,1.0
64,0.16611295681063123,19,0.09375,33,"[124, 125]",concise,1.0
4,0.0,19,1,33,[],fewshot,1.0
16,0.22591362126245848,19,0.9375,33,"[16, 250]",fewshot,1.0
64,0.22591362126245848,19,0.953125,33,"[16, 250]",fewshot,1.0
4,0.0,19,1,33,[],instruction,1.5
16,0.0,19,0.875,33,[],instruction,1.5
64,0.24916943521594684,19,0.8125,33,"[124, 125, 245]",instruction,1.5
4,0.07228915662650602,20,0,33,[73],instruction,1.0
16,0.07228915662650602,20,0,33,[73],instruction,1.0
64,0.07228915662650602,20,0.03125,33,[73],instruction,1.0
4,0.3373493975903614,20,0.25,33,"[73, 140]",concise,1.0
16,0.3373493975903614,20,0.5,33,"[73, 140]",concise,1.0
64,0.3373493975903614,20,0.375,33,"[73, 140]",concise,1.0
4,0.13855421686746988,20,0,33,[6],fewshot,1.0
16,0.13855421686746988,20,0,33,[6],fewshot,1.0
64,0.13855421686746988,20,0.015625,33,[6],fewshot,1.0
4,0.07228915662650602,20,0,33,[73],instruction,1.5
16,0.10040160642570281,20,0,33,"[73, 74]",instruction,1.5
64,0.1606425702811245,20,0.046875,33,"[73, 74, 228]",instruction,1.5
4,0.10413476263399694,21,0.5,33,[47],instruction,1.0
16,0.4655436447166922,21,0.75,33,"[131, 217]",instruction,1.0
64,0.4655436447166922,21,0.8125,33,"[131, 217]",instruction,1.0
4,0.26952526799387444,21,0.75,33,"[51, 217]",concise,1.0
16,0.4655436447166922,21,0.9375,33,"[131, 217]",concise,1.0
64,0.5696784073506891,21,0.96875,33,"[30, 131, 217]",concise,1.0
4,0.22358346094946402,21,0.75,33,[217],fewshot,1.0
16,0.22358346094946402,21,0.875,33,[217],fewshot,1.0
64,0.5696784073506891,21,0.96875,33,"[30, 131, 217]",fewshot,1.0
4,0.0,21,0,33,[],instruction,1.5
16,0.4655436447166922,21,0.5,33,"[131, 217]",instruction,1.5
64,0.5696784073506891,21,0.65625,33,"[30, 131, 217]",instruction,1.5
4,0.08141592920353982,22,1,33,[105],instruction,1.0
16,0.08141592920353982,22,0.9375,33,[105],instruction,1.0
64,0.08141592920353982,22,0.9375,33,[105],instruction,1.0
4,0.1486725663716814,22,1,33,[239],concise,1.0
16,0.215929203539823,22,1,33,"[11, 239]",concise,1.0
64,0.37168141592920356,22,0.984375,33,"[11, 178]",concise,1.0
4,0.08141592920353982,22,1,33,[105],fewshot,1.0
16,0.37168141592920356,22,1,33,"[11, 178]",fewshot,1.0
64,0.37168141592920356,22,1,33,"[11, 178]",fewshot,1.0
4,0.08141592920353982,22,0.75,33,[105],instruction,1.5
16,0.08141592920353982,22,0.875,33,[105],instruction,1.5
64,0.08141592920353982,22,0.90625,33,[105],instruction,1.5
4,0.19295558958652373,23,1,33,[236],instruction,1.0
16,0.19295558958652373,23,0.9375,33,[236],instruction,1.0
64,0.19295558958652373,23,0.953125,33,[236],instruction,1.0
4,0.19295558958652373,23,1,33,[236],concise,1.0
16,0.19295558958652373,23,1,33,[236],concise,1.0
64,0.19295558958652373,23,0.984375,33,[236],concise,1.0
4,0.19295558958652373,23,1,33,[236],fewshot,1.0
16,0.19295558958652373,23,1,33,[236],fewshot,1.0
64,0.19295558958652373,23,1,33,[236],fewshot,1.0
4,0.19295558958652373,23,0.75,33,[236],instruction,1.5
16,0.19295558958652373,23,0.875,33,[236],instruction,1.5
64,0.19295558958652373,23,0.84375,33,[236],instruction,1.5
4,0.0,24,0,33,[],instruction,1.0
16,0.0,24,0,33,[],instruction,1.0
64,0.0,24,0,33,[130],instruction,1.0
4,0.0,24,0,33,[],concise,1.0
16,0.0,24,0,33,[],concise,1.0
64,0.0,24,0,33,[],concise,1.0
4,0.0,24,0,33,[],fewshot,1.0
16,0.0,24,0,33,[],fewshot,1.0
64,0.0,24,0,33,[130],fewshot,1.0
4,0.0,24,0,33,[],instruction,1.5
16,0.07751937984496124,24,0,33,[10],instruction,1.5
64,0.07751937984496124,24,0,33,"[10, 130]",instruction,1.5
4,0.0,25,1,33,[],instruction,1.0
16,0.0,25,1,33,[],instruction,1.0
64,0.0958904109589041,25,0.921875,33,"[102, 105]",instruction,1.0
4,0.20205479452054795,25,1,33,[47],concise,1.0
16,0.20205479452054795,25,1,33,[47],concise,1.0
64,0.20205479452054795,25,0.984375,33,[47],concise,1.0
4,0.3236301369863014,25,1,33,"[32, 47]",fewshot,1.0
16,0.3236301369863014,25,1,33,"[32, 47]",fewshot,1.0
64,0.3236301369863014,25,0.96875,33,"[32, 47]",fewshot,1.0
4,0.0,25,1,33,[],instruction,1.5
16,0.20205479452054795,25,0.8125,33,[47],instruction,1.5
64,0.20205479452054795,25,0.78125,33,[47],instruction,1.5
4,0.0,26,1,33,[],instruction,1.0
16,0.0,26,0.8125,33,[],instruction,1.0
64,0.17563739376770537,26,0.828125,33,[123],instruction,1.0
4,0.17563739376770537,26,0.75,33,[123],concise,1.0
16,0.17563739376770537,26,0.9375,33,[123],concise,1.0
64,0.17563739376770537,26,0.921875,33,[123],concise,1.0
4,0.0,26,1,33,[],fewshot,1.0
16,0.0,26,1,33,[],fewshot,1.0
64,0.0,26,1,33,[],fewshot,1.0
4,0.17563739376770537,26,0.5,33,[123],instruction,1.5
16,0.39660056657223797,26,0.6875,33,"[123, 240]",instruction,1.5
64,0.39660056657223797,26,0.71875,33,"[123, 240]",instruction,1.5
4,0.1731066460587326,27,1,33,[83],instruction,1.0
16,0.1731066460587326,27,1,33,[83],instruction,1.0
64,0.1731066460587326,27,0.890625,33,[83],instruction,1.0
4,0.1731066460587326,27,1,33,[83],concise,1.0
16,0.1731066460587326,27,1,33,[83],concise,1.0
64,0.1731066460587326,27,0.921875,33,[83],concise,1.0
4,0.1731066460587326,27,1,33,[83],fewshot,1.0
16,0.1731066460587326,27,0.625,33,[83],fewshot,1.0
64,0.1731066460587326,27,0.578125,33,[83],fewshot,1.0
4,0.1731066460587326,27,1,33,[83],instruction,1.5
16,0.1731066460587326,27,0.875,33,[83],instruction,1.5
64,0.1731066460587326,27,0.671875,33,[83],instruction,1.5
4,0.21035058430717862,28,0,33,[78],instruction,1.0
16,0.21035058430717862,28,0,33,[78],instruction,1.0
64,0.21035058430717862,28,0,33,[78],instruction,1.0
4,0.21035058430717862,28,0,33,[78],concise,1.0
16,0.21035058430717862,28,0,33,[78],concise,1.0
64,0.21035058430717862,28,0,33,[78],concise,1.0
4,0.21035058430717862,28,0,33,[78],fewshot,1.0
16,0.31886477462437396,28,0,33,"[6, 78]",fewshot,1.0
64,0.31886477462437396,28,0,33,"[6, 78]",fewshot,1.0
4,0.21035058430717862,28,0,33,[78],instruction,1.5
16,0.21035058430717862,28,0,33,[78],instruction,1.5
64,0.24373956594323873,28,0,33,"[72, 78]",instruction,1.5
4,0.10256410256410256,29,1,33,[107],instruction,1.0
16,0.10256410256410256,29,1,33,[107],instruction,1.0
64,0.27521367521367524,29,1,33,"[11, 107]",instruction,1.0
4,0.20512820512820512,29,0.75,33,[251],concise,1.0
16,0.20512820512820512,29,0.75,33,[251],concise,1.0
64,0.20512820512820512,29,0.84375,33,[251],concise,1.0
4,0.22735042735042735,29,0.75,33,[11],fewshot,1.0
16,0.27521367521367524,29,0.9375,33,"[11, 107]",fewshot,1.0
64,0.27521367521367524,29,0.984375,33,"[11, 107]",fewshot,1.0
4,0.10256410256410256,29,1,33,[107],instruction,1.5
16,0.27521367521367524,29,0.75,33,"[11, 107]",instruction,1.5
64,0.27521367521367524,29,0.84375,33,"[11, 107]",instruction,1.5
4,0.0,30,0,33,[],instruction,1.0
16,0.08503937007874016,30,0,33,"[82, 97]",instruction,1.0
64,0.08503937007874016,30,0.03125,33,"[82, 97]",instruction,1.0
4,0.0,30,0,33,[],concise,1.0
16,0.0,30,0,33,[],concise,1.0
64,0.0,30,0,33,[],concise,1.0
4,0.0,30,0,33,[],fewshot,1.0
16,0.2740157480314961,30,0.0625,33,[101],fewshot,1.0
64,0.2740157480314961,30,0.0625,33,[101],fewshot,1.0
4,0.0,30,0,33,[],instruction,1.5
16,0.2740157480314961,30,0.0625,33,[101],instruction,1.5
64,0.2740157480314961,30,0.140625,33,[101],instruction,1.5
4,0.0,31,0,33,[],instruction,1.0
16,0.0,31,0,33,[],instruction,1.0
64,0.21282798833819241,31,0.09375,33,"[102, 132]",instruction,1.0
4,0.17784256559766765,31,0,33,[132],concise,1.0
16,0.17784256559766765,31,0,33,[132],concise,1.0
64,0.17784256559766765,31,0,33,[132],concise,1.0
4,0.0,31,0,33,[],fewshot,1.0
16,0.0,31,0,33,[],fewshot,1.0
64,0.20116618075801748,31,0.015625,33,"[11, 132]",fewshot,1.0
4,0.17784256559766765,31,0,33,[132],instruction,1.5
16,0.17784256559766765,31,0,33,[132],instruction,1.5
64,0.21282798833819241,31,0.15625,33,"[102, 132]",instruction,1.5
