compression,condition,domain,family,round,seed,selected,unique_semantics
0.4713804713804714,frozen,digits,16,0,11,"[214, 222]",8
0.30214723926380366,frozen,digits,17,0,11,"[19, 143]",12
0.6006006006006006,frozen,digits,18,0,11,"[69, 84, 186]",12
0.31727574750830567,frozen,digits,19,0,11,"[14, 215]",14
0.30120481927710846,frozen,digits,20,0,11,"[72, 140]",9
0.3460949464012251,frozen,digits,21,0,11,"[47, 131, 210]",7
0.431858407079646,frozen,digits,22,0,11,"[178, 191]",6
0.19295558958652373,frozen,digits,23,0,11,[236],10
0.40310077519379844,frozen,digits,24,0,11,"[61, 130, 181]",7
0.4486301369863014,frozen,digits,25,0,11,"[47, 176]",7
0.37960339943342775,frozen,digits,26,0,11,"[46, 123]",9
0.3678516228748068,frozen,digits,27,0,11,"[83, 198]",13
0.4307178631051753,frozen,digits,28,0,11,"[42, 78]",12
0.28376068376068375,frozen,digits,29,0,11,"[107, 155]",8
0.49133858267716535,frozen,digits,30,0,11,"[101, 153, 226]",12
0.30174927113702626,frozen,digits,31,0,11,"[1, 132, 198]",9
0.4713804713804714,frozen,digits,16,1,11,"[214, 222]",8
0.30214723926380366,frozen,digits,17,1,11,"[19, 143]",12
0.6006006006006006,frozen,digits,18,1,11,"[69, 84, 186]",12
0.31727574750830567,frozen,digits,19,1,11,"[14, 215]",14
0.30120481927710846,frozen,digits,20,1,11,"[72, 140]",9
0.3460949464012251,frozen,digits,21,1,11,"[47, 131, 210]",7
0.431858407079646,frozen,digits,22,1,11,"[178, 191]",6
0.19295558958652373,frozen,digits,23,1,11,[236],10
0.40310077519379844,frozen,digits,24,1,11,"[61, 130, 181]",7
0.4486301369863014,frozen,digits,25,1,11,"[47, 176]",7
0.37960339943342775,frozen,digits,26,1,11,"[46, 123]",9
0.3678516228748068,frozen,digits,27,1,11,"[83, 198]",13
0.4307178631051753,frozen,digits,28,1,11,"[42, 78]",12
0.28376068376068375,frozen,digits,29,1,11,"[107, 155]",8
0.49133858267716535,frozen,digits,30,1,11,"[101, 153, 226]",12
0.30174927113702626,frozen,digits,31,1,11,"[1, 132, 198]",9
0.4713804713804714,frozen,digits,16,2,11,"[214, 222]",8
0.30214723926380366,frozen,digits,17,2,11,"[19, 143]",12
0.6006006006006006,frozen,digits,18,2,11,"[69, 84, 186]",12
0.31727574750830567,frozen,digits,19,2,11,"[14, 215]",14
0.30120481927710846,frozen,digits,20,2,11,"[72, 140]",9
0.3460949464012251,frozen,digits,21,2,11,"[47, 131, 210]",7
0.431858407079646,frozen,digits,22,2,11,"[178, 191]",6
0.19295558958652373,frozen,digits,23,2,11,[236],10
0.40310077519379844,frozen,digits,24,2,11,"[61, 130, 181]",7
0.4486301369863014,frozen,digits,25,2,11,"[47, 176]",7
0.37960339943342775,frozen,digits,26,2,11,"[46, 123]",9
0.3678516228748068,frozen,digits,27,2,11,"[83, 198]",13
0.4307178631051753,frozen,digits,28,2,11,"[42, 78]",12
0.28376068376068375,frozen,digits,29,2,11,"[107, 155]",8
0.49133858267716535,frozen,digits,30,2,11,"[101, 153, 226]",12
0.30174927113702626,frozen,digits,31,2,11,"[1, 132, 198]",9
0.4713804713804714,frozen,digits,16,3,11,"[214, 222]",8
0.30214723926380366,frozen,digits,17,3,11,"[19, 143]",12
0.6006006006006006,frozen,digits,18,3,11,"[69, 84, 186]",12
0.31727574750830567,frozen,digits,19,3,11,"[14, 215]",14
0.30120481927710846,frozen,digits,20,3,11,"[72, 140]",9
0.3460949464012251,frozen,digits,21,3,11,"[47, 131, 210]",7
0.431858407079646,frozen,digits,22,3,11,"[178, 191]",6
0.19295558958652373,frozen,digits,23,3,11,[236],10
0.40310077519379844,frozen,digits,24,3,11,"[61, 130, 181]",7
0.4486301369863014,frozen,digits,25,3,11,"[47, 176]",7
0.37960339943342775,frozen,digits,26,3,11,"[46, 123]",9
0.3678516228748068,frozen,digits,27,3,11,"[83, 198]",13
0.4307178631051753,frozen,digits,28,3,11,"[42, 78]",12
0.28376068376068375,frozen,digits,29,3,11,"[107, 155]",8
0.49133858267716535,frozen,digits,30,3,11,"[101, 153, 226]",12
0.30174927113702626,frozen,digits,31,3,11,"[1, 132, 198]",9
0.265993265993266,frozen,digits,16,0,22,[214],8
0.4110429447852761,frozen,digits,17,0,22,"[143, 235]",10
0.3813813813813814,frozen,digits,18,0,22,"[84, 186]",7
0.43521594684385384,frozen,digits,19,0,22,"[194, 215]",13
0.3373493975903614,frozen,digits,20,0,22,"[73, 140]",11
0.4655436447166922,frozen,digits,21,0,22,"[131, 217]",9
0.5380530973451327,frozen,digits,22,0,22,"[23, 178, 191]",13
0.37978560490045943,frozen,digits,23,0,22,"[210, 236]",7
0.40310077519379844,frozen,digits,24,0,22,"[61, 130, 181]",10
0.4486301369863014,frozen,digits,25,0,22,"[47, 176]",9
0.6005665722379604,frozen,digits,26,0,22,"[46, 123, 240]",8
0.3910355486862442,frozen,digits,27,0,22,"[29, 83, 198]",12
0.46410684474123537,frozen,digits,28,0,22,"[42, 78, 171]",10
0.20512820512820512,frozen,digits,29,0,22,[251],11
0.050393700787401574,frozen,digits,30,0,22,[151],13
0.6064139941690962,frozen,digits,31,0,22,"[132, 145, 220]",8
0.265993265993266,frozen,digits,16,1,22,[214],8
0.4110429447852761,frozen,digits,17,1,22,"[143, 235]",10
0.3813813813813814,frozen,digits,18,1,22,"[84, 186]",7
0.43521594684385384,frozen,digits,19,1,22,"[194, 215]",13
0.3373493975903614,frozen,digits,20,1,22,"[73, 140]",11
0.4655436447166922,frozen,digits,21,1,22,"[131, 217]",9
0.5380530973451327,frozen,digits,22,1,22,"[23, 178, 191]",13
0.37978560490045943,frozen,digits,23,1,22,"[210, 236]",7
0.40310077519379844,frozen,digits,24,1,22,"[61, 130, 181]",10
0.4486301369863014,frozen,digits,25,1,22,"[47, 176]",9
0.6005665722379604,frozen,digits,26,1,22,"[46, 123, 240]",8
0.3910355486862442,frozen,digits,27,1,22,"[29, 83, 198]",12
0.46410684474123537,frozen,digits,28,1,22,"[42, 78, 171]",10
0.20512820512820512,frozen,digits,29,1,22,[251],11
0.050393700787401574,frozen,digits,30,1,22,[151],13
0.6064139941690962,frozen,digits,31,1,22,"[132, 145, 220]",8
0.265993265993266,frozen,digits,16,2,22,[214],8
0.4110429447852761,frozen,digits,17,2,22,"[143, 235]",10
0.3813813813813814,frozen,digits,18,2,22,"[84, 186]",7
0.43521594684385384,frozen,digits,19,2,22,"[194, 215]",13
0.3373493975903614,frozen,digits,20,2,22,"[73, 140]",11
0.4655436447166922,frozen,digits,21,2,22,"[131, 217]",9
0.5380530973451327,frozen,digits,22,2,22,"[23, 178, 191]",13
0.37978560490045943,frozen,digits,23,2,22,"[210, 236]",7
0.40310077519379844,frozen,digits,24,2,22,"[61, 130, 181]",10
0.4486301369863014,frozen,digits,25,2,22,"[47, 176]",9
0.6005665722379604,frozen,digits,26,2,22,"[46, 123, 240]",8
0.3910355486862442,frozen,digits,27,2,22,"[29, 83, 198]",12
0.46410684474123537,frozen,digits,28,2,22,"[42, 78, 171]",10
0.20512820512820512,frozen,digits,29,2,22,[251],11
0.050393700787401574,frozen,digits,30,2,22,[151],13
0.6064139941690962,frozen,digits,31,2,22,"[132, 145, 220]",8
0.265993265993266,frozen,digits,16,3,22,[214],8
0.4110429447852761,frozen,digits,17,3,22,"[143, 235]",10
0.3813813813813814,frozen,digits,18,3,22,"[84, 186]",7
0.43521594684385384,frozen,digits,19,3,22,"[194, 215]",13
0.3373493975903614,frozen,digits,20,3,22,"[73, 140]",11
0.4655436447166922,frozen,digits,21,3,22,"[131, 217]",9
0.5380530973451327,frozen,digits,22,3,22,"[23, 178, 191]",13
0.37978560490045943,frozen,digits,23,3,22,"[210, 236]",7
0.40310077519379844,frozen,digits,24,3,22,"[61, 130, 181]",10
0.4486301369863014,frozen,digits,25,3,22,"[47, 176]",9
0.6005665722379604,frozen,digits,26,3,22,"[46, 123, 240]",8
0.3910355486862442,frozen,digits,27,3,22,"[29, 83, 198]",12
0.46410684474123537,frozen,digits,28,3,22,"[42, 78, 171]",10
0.20512820512820512,frozen,digits,29,3,22,[251],11
0.050393700787401574,frozen,digits,30,3,22,[151],13
0.6064139941690962,frozen,digits,31,3,22,"[132, 145, 220]",8
0.4713804713804714,frozen,digits,16,0,33,"[214, 222]",11
0.19631901840490798,frozen,digits,17,0,33,[143],11
0.493993993993994,frozen,digits,18,0,33,"[12, 69, 186]",10
0.43521594684385384,frozen,digits,19,0,33,"[194, 215]",13
0.3413654618473896,frozen,digits,20,0,33,"[42, 140]",11
0.3552833078101072,frozen,digits,21,0,33,"[1, 131]",12
0.431858407079646,frozen,digits,22,0,33,"[178, 191]",12
0.5880551301684533,frozen,digits,23,0,33,"[203, 210, 236]",10
0.40310077519379844,frozen,digits,24,0,33,"[61, 181]",8
0.4486301369863014,frozen,digits,25,0,33,"[47, 176]",4
0.37960339943342775,frozen,digits,26,0,33,"[46, 123]",10
0.42040185471406494,frozen,digits,27,0,33,"[198, 250]",11
0.31886477462437396,frozen,digits,28,0,33,"[6, 78]",12
0.24273504273504273,frozen,digits,29,0,33,[155],8
0.30551181102362207,frozen,digits,30,0,33,"[101, 153]",12
0.28425655976676384,frozen,digits,31,0,33,"[1, 132]",9
0.4713804713804714,frozen,digits,16,1,33,"[214, 222]",11
0.19631901840490798,frozen,digits,17,1,33,[143],11
0.493993993993994,frozen,digits,18,1,33,"[12, 69, 186]",10
0.43521594684385384,frozen,digits,19,1,33,"[194, 215]",13
0.3413654618473896,frozen,digits,20,1,33,"[42, 140]",11
0.3552833078101072,frozen,digits,21,1,33,"[1, 131]",12
0.431858407079646,frozen,digits,22,1,33,"[178, 191]",12
0.5880551301684533,frozen,digits,23,1,33,"[203, 210, 236]",10
0.40310077519379844,frozen,digits,24,1,33,"[61, 181]",8
0.4486301369863014,frozen,digits,25,1,33,"[47, 176]",4
0.37960339943342775,frozen,digits,26,1,33,"[46, 123]",10
0.42040185471406494,frozen,digits,27,1,33,"[198, 250]",11
0.31886477462437396,frozen,digits,28,1,33,"[6, 78]",12
0.24273504273504273,frozen,digits,29,1,33,[155],8
0.30551181102362207,frozen,digits,30,1,33,"[101, 153]",12
0.28425655976676384,frozen,digits,31,1,33,"[1, 132]",9
0.4713804713804714,frozen,digits,16,2,33,"[214, 222]",11
0.19631901840490798,frozen,digits,17,2,33,[143],11
0.493993993993994,frozen,digits,18,2,33,"[12, 69, 186]",10
0.43521594684385384,frozen,digits,19,2,33,"[194, 215]",13
0.3413654618473896,frozen,digits,20,2,33,"[42, 140]",11
0.3552833078101072,frozen,digits,21,2,33,"[1, 131]",12
0.431858407079646,frozen,digits,22,2,33,"[178, 191]",12
0.5880551301684533,frozen,digits,23,2,33,"[203, 210, 236]",10
0.40310077519379844,frozen,digits,24,2,33,"[61, 181]",8
0.4486301369863014,frozen,digits,25,2,33,"[47, 176]",4
0.37960339943342775,frozen,digits,26,2,33,"[46, 123]",10
0.42040185471406494,frozen,digits,27,2,33,"[198, 250]",11
0.31886477462437396,frozen,digits,28,2,33,"[6, 78]",12
0.24273504273504273,frozen,digits,29,2,33,[155],8
0.30551181102362207,frozen,digits,30,2,33,"[101, 153]",12
0.28425655976676384,frozen,digits,31,2,33,"[1, 132]",9
0.4713804713804714,frozen,digits,16,3,33,"[214, 222]",11
0.19631901840490798,frozen,digits,17,3,33,[143],11
0.493993993993994,frozen,digits,18,3,33,"[12, 69, 186]",10
0.43521594684385384,frozen,digits,19,3,33,"[194, 215]",13
0.3413654618473896,frozen,digits,20,3,33,"[42, 140]",11
0.3552833078101072,frozen,digits,21,3,33,"[1, 131]",12
0.431858407079646,frozen,digits,22,3,33,"[178, 191]",12
0.5880551301684533,frozen,digits,23,3,33,"[203, 210, 236]",10
0.40310077519379844,frozen,digits,24,3,33,"[61, 181]",8
0.4486301369863014,frozen,digits,25,3,33,"[47, 176]",4
0.37960339943342775,frozen,digits,26,3,33,"[46, 123]",10
0.42040185471406494,frozen,digits,27,3,33,"[198, 250]",11
0.31886477462437396,frozen,digits,28,3,33,"[6, 78]",12
0.24273504273504273,frozen,digits,29,3,33,[155],8
0.30551181102362207,frozen,digits,30,3,33,"[101, 153]",12
0.28425655976676384,frozen,digits,31,3,33,"[1, 132]",9
0.4713804713804714,joint,digits,16,0,11,"[214, 222]",8
0.30214723926380366,joint,digits,17,0,11,"[19, 143]",12
0.6006006006006006,joint,digits,18,0,11,"[69, 84, 186]",12
0.31727574750830567,joint,digits,19,0,11,"[14, 215]",14
0.30120481927710846,joint,digits,20,0,11,"[72, 140]",9
0.3460949464012251,joint,digits,21,0,11,"[47, 131, 210]",7
0.431858407079646,joint,digits,22,0,11,"[178, 191]",6
0.19295558958652373,joint,digits,23,0,11,[236],10
0.40310077519379844,joint,digits,24,0,11,"[61, 130, 181]",7
0.4486301369863014,joint,digits,25,0,11,"[47, 176]",7
0.37960339943342775,joint,digits,26,0,11,"[46, 123]",9
0.3678516228748068,joint,digits,27,0,11,"[83, 198]",13
0.4307178631051753,joint,digits,28,0,11,"[42, 78]",12
0.28376068376068375,joint,digits,29,0,11,"[107, 155]",8
0.49133858267716535,joint,digits,30,0,11,"[101, 153, 226]",12
0.30174927113702626,joint,digits,31,0,11,"[1, 132, 198]",9
0.4713804713804714,joint,digits,16,1,11,"[214, 222]",2
0.30214723926380366,joint,digits,17,1,11,"[19, 143]",5
0.493993993993994,joint,digits,18,1,11,"[12, 69, 186]",4
0.3122923588039867,joint,digits,19,1,11,"[173, 194, 245]",4
0.3413654618473896,joint,digits,20,1,11,"[42, 140]",3
0.3460949464012251,joint,digits,21,1,11,"[47, 131, 210]",4
0.431858407079646,joint,digits,22,1,11,"[178, 191]",2
0.37978560490045943,joint,digits,23,1,11,"[210, 236]",4
0.5922480620155038,joint,digits,24,1,11,"[61, 169, 181]",5
0.4486301369863014,joint,digits,25,1,11,"[47, 176]",4
0.42492917847025496,joint,digits,26,1,11,"[46, 70, 123]",4
0.3678516228748068,joint,digits,27,1,11,"[83, 198]",5
0.5409015025041736,joint,digits,28,1,11,"[27, 42, 78]",8
0.3452991452991453,joint,digits,29,1,11,"[11, 155]",4
0.38110236220472443,joint,digits,30,1,11,"[19, 101]",5
0.3935860058309038,joint,digits,31,1,11,"[132, 145]",2
0.4713804713804714,joint,digits,16,2,11,"[214, 222]",2
0.4785276073619632,joint,digits,17,2,11,"[19, 143, 249]",4
0.6006006006006006,joint,digits,18,2,11,"[69, 84, 186]",3
0.31893687707641194,joint,digits,19,2,11,"[194, 250]",5
0.4036144578313253,joint,digits,20,2,11,"[6, 140]",4
0.3124042879019908,joint,digits,21,2,11,"[66, 131, 210]",4
0.431858407079646,joint,digits,22,2,11,"[178, 191]",2
0.37978560490045943,joint,digits,23,2,11,"[210, 236]",6
0.5922480620155038,joint,digits,24,2,11,"[61, 169, 181]",4
0.4486301369863014,joint,digits,25,2,11,"[47, 176]",3
0.42492917847025496,joint,digits,26,2,11,"[46, 70, 123]",4
0.3678516228748068,joint,digits,27,2,11,"[83, 198]",3
0.5409015025041736,joint,digits,28,2,11,"[27, 42, 78]",5
0.3452991452991453,joint,digits,29,2,11,"[11, 155]",3
0.38110236220472443,joint,digits,30,2,11,"[19, 101]",3
0.3935860058309038,joint,digits,31,2,11,"[132, 145]",2
0.4713804713804714,joint,digits,16,3,11,"[214, 222]",2
0.30214723926380366,joint,digits,17,3,11,"[19, 143]",3
0.39039039039039036,joint,digits,18,3,11,"[69, 186]",2
0.31893687707641194,joint,digits,19,3,11,"[194, 250]",5
0.4879518072289157,joint,digits,20,3,11,"[1, 6, 140]",5
0.4058192955589586,joint,digits,21,3,11,"[1, 66, 131]",6
0.431858407079646,joint,digits,22,3,11,"[178, 191]",2
0.37978560490045943,joint,digits,23,3,11,"[210, 236]",4
0.5922480620155038,joint,digits,24,3,11,"[61, 169, 181]",4
0.4486301369863014,joint,digits,25,3,11,"[47, 176]",5
0.6005665722379604,joint,digits,26,3,11,"[46, 123, 240]",5
0.5935085007727975,joint,digits,27,3,11,"[83, 198, 250]",4
0.5409015025041736,joint,digits,28,3,11,"[27, 42, 78]",6
0.3452991452991453,joint,digits,29,3,11,"[11, 155]",4
0.44881889763779526,joint,digits,30,3,11,"[19, 31, 101]",4
0.3935860058309038,joint,digits,31,3,11,"[132, 145]",3
0.265993265993266,joint,digits,16,0,22,[214],8
0.4110429447852761,joint,digits,17,0,22,"[143, 235]",10
0.3813813813813814,joint,digits,18,0,22,"[84, 186]",7
0.43521594684385384,joint,digits,19,0,22,"[194, 215]",13
0.3373493975903614,joint,digits,20,0,22,"[73, 140]",11
0.4655436447166922,joint,digits,21,0,22,"[131, 217]",9
0.5380530973451327,joint,digits,22,0,22,"[23, 178, 191]",13
0.37978560490045943,joint,digits,23,0,22,"[210, 236]",7
0.40310077519379844,joint,digits,24,0,22,"[61, 130, 181]",10
0.4486301369863014,joint,digits,25,0,22,"[47, 176]",9
0.6005665722379604,joint,digits,26,0,22,"[46, 123, 240]",8
0.3910355486862442,joint,digits,27,0,22,"[29, 83, 198]",12
0.46410684474123537,joint,digits,28,0,22,"[42, 78, 171]",10
0.20512820512820512,joint,digits,29,0,22,[251],11
0.050393700787401574,joint,digits,30,0,22,[151],13
0.6064139941690962,joint,digits,31,0,22,"[132, 145, 220]",8
0.4713804713804714,joint,digits,16,1,22,"[214, 222]",4
0.5828220858895705,joint,digits,17,1,22,"[143, 235, 249]",4
0.6006006006006006,joint,digits,18,1,22,"[69, 84, 186]",3
0.31893687707641194,joint,digits,19,1,22,"[194, 250]",5
0.30120481927710846,joint,digits,20,1,22,"[72, 140]",4
0.4655436447166922,joint,digits,21,1,22,"[131, 217]",4
0.431858407079646,joint,digits,22,1,22,"[178, 191]",2
0.37978560490045943,joint,digits,23,1,22,"[210, 236]",3
0.40310077519379844,joint,digits,24,1,22,"[61, 130, 181]",4
0.4486301369863014,joint,digits,25,1,22,"[47, 176]",4
0.42492917847025496,joint,digits,26,1,22,"[46, 70, 123]",6
0.3678516228748068,joint,digits,27,1,22,"[83, 198]",2
0.46410684474123537,joint,digits,28,1,22,"[42, 78, 171]",5
0.28376068376068375,joint,digits,29,1,22,"[107, 155]",3
0.2740157480314961,joint,digits,30,1,22,[101],2
0.3935860058309038,joint,digits,31,1,22,"[132, 145]",2
0.4713804713804714,joint,digits,16,2,22,"[214, 222]",3
0.5828220858895705,joint,digits,17,2,22,"[143, 235, 249]",4
0.6006006006006006,joint,digits,18,2,22,"[69, 84, 186]",3
0.43521594684385384,joint,digits,19,2,22,"[194, 215]",5
0.3373493975903614,joint,digits,20,2,22,"[73, 140]",4
0.4655436447166922,joint,digits,21,2,22,"[131, 217]",4
0.431858407079646,joint,digits,22,2,22,"[178, 191]",2
0.37978560490045943,joint,digits,23,2,22,"[210, 236]",3
0.40310077519379844,joint,digits,24,2,22,"[61, 130, 181]",4
0.4486301369863014,joint,digits,25,2,22,"[47, 176]",3
0.42492917847025496,joint,digits,26,2,22,"[46, 70, 123]",7
0.3678516228748068,joint,digits,27,2,22,"[83, 198]",2
0.46410684474123537,joint,digits,28,2,22,"[42, 78, 171]",5
0.10256410256410256,joint,digits,29,2,22,[107],1
0.2740157480314961,joint,digits,30,2,22,[101],1
0.3935860058309038,joint,digits,31,2,22,"[132, 145]",2
0.265993265993266,joint,digits,16,3,22,[214],4
0.5828220858895705,joint,digits,17,3,22,"[143, 235, 249]",5
0.6006006006006006,joint,digits,18,3,22,"[69, 84, 186]",3
0.43521594684385384,joint,digits,19,3,22,"[194, 215]",6
0.3373493975903614,joint,digits,20,3,22,"[73, 140]",5
0.28483920367534454,joint,digits,21,3,22,"[5, 131]",3
0.431858407079646,joint,digits,22,3,22,"[178, 191]",2
0.37978560490045943,joint,digits,23,3,22,"[210, 236]",4
0.5922480620155038,joint,digits,24,3,22,"[61, 169, 181]",4
0.4486301369863014,joint,digits,25,3,22,"[47, 176]",3
0.38526912181303113,joint,digits,26,3,22,"[10, 24, 123]",5
0.3678516228748068,joint,digits,27,3,22,"[83, 198]",2
0.46410684474123537,joint,digits,28,3,22,"[42, 78, 171]",5
0.3452991452991453,joint,digits,29,3,22,"[11, 155]",4
0.38110236220472443,joint,digits,30,3,22,"[19, 101]",3
0.3935860058309038,joint,digits,31,3,22,"[132, 145]",2
0.4713804713804714,joint,digits,16,0,33,"[214, 222]",11
0.19631901840490798,joint,digits,17,0,33,[143],11
0.493993993993994,joint,digits,18,0,33,"[12, 69, 186]",10
0.43521594684385384,joint,digits,19,0,33,"[194, 215]",13
0.3413654618473896,joint,digits,20,0,33,"[42, 140]",11
0.3552833078101072,joint,digits,21,0,33,"[1, 131]",12
0.431858407079646,joint,digits,22,0,33,"[178, 191]",12
0.5880551301684533,joint,digits,23,0,33,"[203, 210, 236]",10
0.40310077519379844,joint,digits,24,0,33,"[61, 181]",8
0.4486301369863014,joint,digits,25,0,33,"[47, 176]",4
0.37960339943342775,joint,digits,26,0,33,"[46, 123]",10
0.42040185471406494,joint,digits,27,0,33,"[198, 250]",11
0.31886477462437396,joint,digits,28,0,33,"[6, 78]",12
0.24273504273504273,joint,digits,29,0,33,[155],8
0.30551181102362207,joint,digits,30,0,33,"[101, 153]",12
0.28425655976676384,joint,digits,31,0,33,"[1, 132]",9
0.4713804713804714,joint,digits,16,1,33,"[214, 222]",3
0.5828220858895705,joint,digits,17,1,33,"[143, 235, 249]",5
0.39039039039039036,joint,digits,18,1,33,"[69, 186]",2
0.43521594684385384,joint,digits,19,1,33,"[194, 215]",4
0.3373493975903614,joint,digits,20,1,33,"[73, 140]",5
0.5696784073506891,joint,digits,21,1,33,"[30, 131, 217]",8
0.431858407079646,joint,digits,22,1,33,"[178, 191]",2
0.37978560490045943,joint,digits,23,1,33,"[210, 236]",4
0.5922480620155038,joint,digits,24,1,33,"[61, 169, 181]",6
0.4486301369863014,joint,digits,25,1,33,"[47, 176]",2
0.39660056657223797,joint,digits,26,1,33,"[123, 240]",4
0.5935085007727975,joint,digits,27,1,33,"[83, 198, 250]",5
0.46410684474123537,joint,digits,28,1,33,"[42, 78, 171]",4
0.4478632478632479,joint,digits,29,1,33,"[155, 251]",4
0.2740157480314961,joint,digits,30,1,33,[101],4
0.3935860058309038,joint,digits,31,1,33,"[132, 145]",2
0.4713804713804714,joint,digits,16,2,33,"[214, 222]",3
0.4110429447852761,joint,digits,17,2,33,"[143, 235]",4
0.39039039039039036,joint,digits,18,2,33,"[69, 186]",2
0.2591362126245847,joint,digits,19,2,33,"[215, 250]",3
0.3413654618473896,joint,digits,20,2,33,"[42, 140]",5
0.5696784073506891,joint,digits,21,2,33,"[30, 131, 217]",7
0.431858407079646,joint,digits,22,2,33,"[178, 191]",2
0.37978560490045943,joint,digits,23,2,33,"[210, 236]",6
0.40310077519379844,joint,digits,24,2,33,"[61, 181]",4
0.4486301369863014,joint,digits,25,2,33,"[47, 176]",3
0.39660056657223797,joint,digits,26,2,33,"[123, 240]",4
0.5935085007727975,joint,digits,27,2,33,"[83, 198, 250]",3
0.46410684474123537,joint,digits,28,2,33,"[42, 78, 171]",4
0.4478632478632479,joint,digits,29,2,33,"[155, 251]",4
0.45984251968503936,joint,digits,30,2,33,"[101, 226]",5
0.6064139941690962,joint,digits,31,2,33,"[132, 145, 220]",3
0.4713804713804714,joint,digits,16,3,33,"[214, 222]",3
0.4110429447852761,joint,digits,17,3,33,"[143, 235]",4
0.39039039039039036,joint,digits,18,3,33,"[69, 186]",2
0.37375415282392027,joint,digits,19,3,33,"[14, 215, 250]",5
0.3413654618473896,joint,digits,20,3,33,"[42, 140]",4
0.4992343032159265,joint,digits,21,3,33,"[66, 131, 217]",6
0.431858407079646,joint,digits,22,3,33,"[178, 191]",2
0.37978560490045943,joint,digits,23,3,33,"[210, 236]",4
0.3627906976744186,joint,digits,24,3,33,"[61, 169]",6
0.4486301369863014,joint,digits,25,3,33,"[47, 176]",3
0.39660056657223797,joint,digits,26,3,33,"[123, 240]",3
0.5935085007727975,joint,digits,27,3,33,"[83, 198, 250]",4
0.46410684474123537,joint,digits,28,3,33,"[42, 78, 171]",4
0.4478632478632479,joint,digits,29,3,33,"[155, 251]",2
0.45984251968503936,joint,digits,30,3,33,"[101, 226]",5
0.3935860058309038,joint,digits,31,3,33,"[132, 145]",2
0.4713804713804714,replay,digits,16,0,11,"[214, 222]",8
0.30214723926380366,replay,digits,17,0,11,"[19, 143]",12
0.6006006006006006,replay,digits,18,0,11,"[69, 84, 186]",12
0.31727574750830567,replay,digits,19,0,11,"[14, 215]",14
0.30120481927710846,replay,digits,20,0,11,"[72, 140]",9
0.3460949464012251,replay,digits,21,0,11,"[47, 131, 210]",7
0.431858407079646,replay,digits,22,0,11,"[178, 191]",6
0.19295558958652373,replay,digits,23,0,11,[236],10
0.40310077519379844,replay,digits,24,0,11,"[61, 130, 181]",7
0.4486301369863014,replay,digits,25,0,11,"[47, 176]",7
0.37960339943342775,replay,digits,26,0,11,"[46, 123]",9
0.3678516228748068,replay,digits,27,0,11,"[83, 198]",13
0.4307178631051753,replay,digits,28,0,11,"[42, 78]",12
0.28376068376068375,replay,digits,29,0,11,"[107, 155]",8
0.49133858267716535,replay,digits,30,0,11,"[101, 153, 226]",12
0.30174927113702626,replay,digits,31,0,11,"[1, 132, 198]",9
0.08754208754208755,replay,digits,16,1,11,[65],8
0.19631901840490798,replay,digits,17,1,11,[143],10
0.44744744744744747,replay,digits,18,1,11,"[44, 69, 186]",6
0.31561461794019935,replay,digits,19,1,11,"[194, 245]",13
0.3413654618473896,replay,digits,20,1,11,"[42, 140]",10
0.3460949464012251,replay,digits,21,1,11,"[47, 131, 210]",6
0.431858407079646,replay,digits,22,1,11,"[178, 191]",5
0.37978560490045943,replay,digits,23,1,11,"[210, 236]",12
0.5922480620155038,replay,digits,24,1,11,"[61, 169, 181]",7
0.25,replay,digits,25,1,11,"[47, 131]",6
0.6005665722379604,replay,digits,26,1,11,"[46, 123, 240]",12
0.3678516228748068,replay,digits,27,1,11,"[83, 198]",6
0.25375626043405675,replay,digits,28,1,11,"[42, 73]",7
0.28376068376068375,replay,digits,29,1,11,"[107, 155]",8
0.45984251968503936,replay,digits,30,1,11,"[101, 226]",8
0.17784256559766765,replay,digits,31,1,11,[132],7
0.34175084175084175,replay,digits,16,2,11,"[29, 214]",9
0.29754601226993865,replay,digits,17,2,11,"[143, 155]",12
0.3813813813813814,replay,digits,18,2,11,"[84, 186]",8
0.31561461794019935,replay,digits,19,2,11,"[194, 245]",12
0.3373493975903614,replay,digits,20,2,11,"[73, 140]",9
0.3460949464012251,replay,digits,21,2,11,"[47, 131, 210]",8
0.431858407079646,replay,digits,22,2,11,"[178, 191]",7
0.37978560490045943,replay,digits,23,2,11,"[210, 236]",12
0.27906976744186046,replay,digits,24,2,11,"[61, 96, 130]",10
0.4486301369863014,replay,digits,25,2,11,"[47, 176]",8
0.4886685552407932,replay,digits,26,2,11,"[24, 46, 123]",9
0.3678516228748068,replay,digits,27,2,11,"[83, 198]",11
0.4307178631051753,replay,digits,28,2,11,"[42, 78]",8
0.28376068376068375,replay,digits,29,2,11,"[107, 155]",9
0.45984251968503936,replay,digits,30,2,11,"[101, 226]",9
0.3935860058309038,replay,digits,31,2,11,"[132, 145]",11
0.265993265993266,replay,digits,16,3,11,[214],6
0.29754601226993865,replay,digits,17,3,11,"[143, 155]",9
0.44744744744744747,replay,digits,18,3,11,"[44, 69, 186]",8
0.3122923588039867,replay,digits,19,3,11,"[173, 194, 245]",9
0.3413654618473896,replay,digits,20,3,11,"[42, 140]",7
0.3460949464012251,replay,digits,21,3,11,"[47, 131, 210]",5
0.2831858407079646,replay,digits,22,3,11,"[177, 191]",4
0.37978560490045943,replay,digits,23,3,11,"[210, 236]",9
0.3627906976744186,replay,digits,24,3,11,"[61, 169]",5
0.4486301369863014,replay,digits,25,3,11,"[47, 176]",4
0.37960339943342775,replay,digits,26,3,11,"[46, 123]",7
0.1947449768160742,replay,digits,27,3,11,[198],6
0.4307178631051753,replay,digits,28,3,11,"[42, 78]",6
0.28376068376068375,replay,digits,29,3,11,"[107, 155]",5
0.45984251968503936,replay,digits,30,3,11,"[101, 226]",9
0.21865889212827988,replay,digits,31,3,11,"[132, 198]",6
0.265993265993266,replay,digits,16,0,22,[214],8
0.4110429447852761,replay,digits,17,0,22,"[143, 235]",10
0.3813813813813814,replay,digits,18,0,22,"[84, 186]",7
0.43521594684385384,replay,digits,19,0,22,"[194, 215]",13
0.3373493975903614,replay,digits,20,0,22,"[73, 140]",11
0.4655436447166922,replay,digits,21,0,22,"[131, 217]",9
0.5380530973451327,replay,digits,22,0,22,"[23, 178, 191]",13
0.37978560490045943,replay,digits,23,0,22,"[210, 236]",7
0.40310077519379844,replay,digits,24,0,22,"[61, 130, 181]",10
0.4486301369863014,replay,digits,25,0,22,"[47, 176]",9
0.6005665722379604,replay,digits,26,0,22,"[46, 123, 240]",8
0.3910355486862442,replay,digits,27,0,22,"[29, 83, 198]",12
0.46410684474123537,replay,digits,28,0,22,"[42, 78, 171]",10
0.20512820512820512,replay,digits,29,0,22,[251],11
0.050393700787401574,replay,digits,30,0,22,[151],13
0.6064139941690962,replay,digits,31,0,22,"[132, 145, 220]",8
0.265993265993266,replay,digits,16,1,22,[214],9
0.4110429447852761,replay,digits,17,1,22,"[143, 235]",5
0.44744744744744747,replay,digits,18,1,22,"[44, 69, 186]",6
0.3089700996677741,replay,digits,19,1,22,"[125, 215, 250]",10
0.3413654618473896,replay,digits,20,1,22,"[42, 140]",6
0.3460949464012251,replay,digits,21,1,22,"[47, 131, 210]",6
0.5380530973451327,replay,digits,22,1,22,"[23, 178, 191]",5
0.37978560490045943,replay,digits,23,1,22,"[210, 236]",5
0.40310077519379844,replay,digits,24,1,22,"[61, 130, 181]",9
0.4486301369863014,replay,digits,25,1,22,"[47, 176]",8
0.42492917847025496,replay,digits,26,1,22,"[46, 70, 123]",10
0.3678516228748068,replay,digits,27,1,22,"[83, 198]",6
0.4307178631051753,replay,digits,28,1,22,"[42, 78]",8
0.10256410256410256,replay,digits,29,1,22,[107],6
0.2740157480314961,replay,digits,30,1,22,[101],7
0.3935860058309038,replay,digits,31,1,22,"[132, 145]",4
0.265993265993266,replay,digits,16,2,22,[214],9
0.4110429447852761,replay,digits,17,2,22,"[143, 235]",6
0.44744744744744747,replay,digits,18,2,22,"[44, 69, 186]",6
0.35714285714285715,replay,digits,19,2,22,"[14, 194, 250]",13
0.3413654618473896,replay,digits,20,2,22,"[42, 140]",6
0.2450229709035222,replay,digits,21,2,22,"[131, 210]",7
0.431858407079646,replay,digits,22,2,22,"[178, 191]",8
0.37978560490045943,replay,digits,23,2,22,"[210, 236]",7
0.40310077519379844,replay,digits,24,2,22,"[61, 130, 181]",8
0.4486301369863014,replay,digits,25,2,22,"[47, 176]",9
0.42492917847025496,replay,digits,26,2,22,"[46, 70, 123]",10
0.3678516228748068,replay,digits,27,2,22,"[83, 198]",8
0.46410684474123537,replay,digits,28,2,22,"[42, 78, 171]",9
0.20512820512820512,replay,digits,29,2,22,[251],6
0.2740157480314961,replay,digits,30,2,22,[101],8
0.3935860058309038,replay,digits,31,2,22,"[132, 145]",6
0.265993265993266,replay,digits,16,3,22,[214],12
0.4110429447852761,replay,digits,17,3,22,"[143, 235]",8
0.44744744744744747,replay,digits,18,3,22,"[44, 69, 186]",5
0.31561461794019935,replay,digits,19,3,22,"[194, 245]",12
0.3413654618473896,replay,digits,20,3,22,"[42, 140]",7
0.3460949464012251,replay,digits,21,3,22,"[47, 131, 210]",6
0.431858407079646,replay,digits,22,3,22,"[178, 191]",6
0.37978560490045943,replay,digits,23,3,22,"[210, 236]",6
0.17364341085271318,replay,digits,24,3,22,"[61, 130]",5
0.4486301369863014,replay,digits,25,3,22,"[47, 176]",9
0.42492917847025496,replay,digits,26,3,22,"[46, 70, 123]",8
0.3678516228748068,replay,digits,27,3,22,"[83, 198]",7
0.4307178631051753,replay,digits,28,3,22,"[42, 78]",8
0.20512820512820512,replay,digits,29,3,22,[251],7
0.2740157480314961,replay,digits,30,3,22,[101],11
0.17784256559766765,replay,digits,31,3,22,[132],3
0.4713804713804714,replay,digits,16,0,33,"[214, 222]",11
0.19631901840490798,replay,digits,17,0,33,[143],11
0.493993993993994,replay,digits,18,0,33,"[12, 69, 186]",10
0.43521594684385384,replay,digits,19,0,33,"[194, 215]",13
0.3413654618473896,replay,digits,20,0,33,"[42, 140]",11
0.3552833078101072,replay,digits,21,0,33,"[1, 131]",12
0.431858407079646,replay,digits,22,0,33,"[178, 191]",12
0.5880551301684533,replay,digits,23,0,33,"[203, 210, 236]",10
0.40310077519379844,replay,digits,24,0,33,"[61, 181]",8
0.4486301369863014,replay,digits,25,0,33,"[47, 176]",4
0.37960339943342775,replay,digits,26,0,33,"[46, 123]",10
0.42040185471406494,replay,digits,27,0,33,"[198, 250]",11
0.31886477462437396,replay,digits,28,0,33,"[6, 78]",12
0.24273504273504273,replay,digits,29,0,33,[155],8
0.30551181102362207,replay,digits,30,0,33,"[101, 153]",12
0.28425655976676384,replay,digits,31,0,33,"[1, 132]",9
0.4713804713804714,replay,digits,16,1,33,"[214, 222]",11
0.4110429447852761,replay,digits,17,1,33,"[143, 235]",9
0.493993993993994,replay,digits,18,1,33,"[12, 69, 186]",8
0.43521594684385384,replay,digits,19,1,33,"[194, 215]",10
0.39959839357429716,replay,digits,20,1,33,"[1, 140]",9
0.4058192955589586,replay,digits,21,1,33,"[1, 66, 131]",12
0.431858407079646,replay,digits,22,1,33,"[178, 191]",7
0.37978560490045943,replay,digits,23,1,33,"[210, 236]",8
0.40310077519379844,replay,digits,24,1,33,"[61, 130, 181]",11
0.4486301369863014,replay,digits,25,1,33,"[47, 176]",6
0.6005665722379604,replay,digits,26,1,33,"[46, 123, 240]",10
0.5935085007727975,replay,digits,27,1,33,"[83, 198, 250]",7
0.35225375626043404,replay,digits,28,1,33,"[6, 78, 171]",12
0.28376068376068375,replay,digits,29,1,33,"[107, 155]",9
0.30551181102362207,replay,digits,30,1,33,"[101, 153]",9
0.17784256559766765,replay,digits,31,1,33,[132],6
0.4713804713804714,replay,digits,16,2,33,"[214, 222]",10
0.19631901840490798,replay,digits,17,2,33,[143],9
0.44744744744744747,replay,digits,18,2,33,"[44, 69, 186]",9
0.3222591362126246,replay,digits,19,2,33,"[124, 215, 250]",11
0.39959839357429716,replay,digits,20,2,33,"[1, 140]",7
0.4655436447166922,replay,digits,21,2,33,"[131, 217]",9
0.431858407079646,replay,digits,22,2,33,"[178, 191]",8
0.37978560490045943,replay,digits,23,2,33,"[210, 236]",11
0.40310077519379844,replay,digits,24,2,33,"[61, 130, 181]",7
0.4486301369863014,replay,digits,25,2,33,"[47, 176]",6
0.42492917847025496,replay,digits,26,2,33,"[46, 70, 123]",10
0.5935085007727975,replay,digits,27,2,33,"[83, 198, 250]",8
0.46410684474123537,replay,digits,28,2,33,"[42, 78, 171]",12
0.28376068376068375,replay,digits,29,2,33,"[107, 155]",8
0.49133858267716535,replay,digits,30,2,33,"[101, 153, 226]",10
0.28425655976676384,replay,digits,31,2,33,"[1, 132]",8
0.4713804713804714,replay,digits,16,3,33,"[214, 222]",10
0.19631901840490798,replay,digits,17,3,33,[143],9
0.44744744744744747,replay,digits,18,3,33,"[44, 69, 186]",6
0.43521594684385384,replay,digits,19,3,33,"[194, 215]",8
0.39959839357429716,replay,digits,20,3,33,"[1, 140]",9
0.3552833078101072,replay,digits,21,3,33,"[1, 131]",11
0.431858407079646,replay,digits,22,3,33,"[178, 191]",9
0.37978560490045943,replay,digits,23,3,33,"[210, 236]",13
0.40310077519379844,replay,digits,24,3,33,"[61, 130, 181]",10
0.4486301369863014,replay,digits,25,3,33,"[47, 176]",5
0.37960339943342775,replay,digits,26,3,33,"[46, 123]",12
0.1947449768160742,replay,digits,27,3,33,[198],8
0.46410684474123537,replay,digits,28,3,33,"[42, 78, 171]",12
0.24273504273504273,replay,digits,29,3,33,[155],8
0.2740157480314961,replay,digits,30,3,33,[101],10
0.28425655976676384,replay,digits,31,3,33,"[1, 132]",8
0.4713804713804714,shared,digits,16,0,11,"[214, 222]",8
0.30214723926380366,shared,digits,17,0,11,"[19, 143]",12
0.6006006006006006,shared,digits,18,0,11,"[69, 84, 186]",12
0.31727574750830567,shared,digits,19,0,11,"[14, 215]",14
0.30120481927710846,shared,digits,20,0,11,"[72, 140]",9
0.3460949464012251,shared,digits,21,0,11,"[47, 131, 210]",7
0.431858407079646,shared,digits,22,0,11,"[178, 191]",6
0.19295558958652373,shared,digits,23,0,11,[236],10
0.40310077519379844,shared,digits,24,0,11,"[61, 130, 181]",7
0.4486301369863014,shared,digits,25,0,11,"[47, 176]",7
0.37960339943342775,shared,digits,26,0,11,"[46, 123]",9
0.3678516228748068,shared,digits,27,0,11,"[83, 198]",13
0.4307178631051753,shared,digits,28,0,11,"[42, 78]",12
0.28376068376068375,shared,digits,29,0,11,"[107, 155]",8
0.49133858267716535,shared,digits,30,0,11,"[101, 153, 226]",12
0.30174927113702626,shared,digits,31,0,11,"[1, 132, 198]",9
0.4713804713804714,shared,digits,16,1,11,"[214, 222]",4
0.4785276073619632,shared,digits,17,1,11,"[19, 143, 249]",11
0.43543543543543545,shared,digits,18,1,11,"[84, 186, 234]",8
0.287375415282392,shared,digits,19,1,11,"[14, 250]",10
0.3373493975903614,shared,digits,20,1,11,"[73, 140]",8
0.4655436447166922,shared,digits,21,1,11,"[131, 217]",6
0.431858407079646,shared,digits,22,1,11,"[178, 191]",6
0.19295558958652373,shared,digits,23,1,11,[236],9
0.27906976744186046,shared,digits,24,1,11,"[61, 96]",11
0.4486301369863014,shared,digits,25,1,11,"[47, 176]",6
0.6005665722379604,shared,digits,26,1,11,"[46, 123, 240]",8
0.5935085007727975,shared,digits,27,1,11,"[83, 198, 250]",12
0.4307178631051753,shared,digits,28,1,11,"[42, 78]",7
0.28376068376068375,shared,digits,29,1,11,"[107, 155]",9
0.45984251968503936,shared,digits,30,1,11,"[101, 226]",5
0.6064139941690962,shared,digits,31,1,11,"[132, 145, 220]",7
0.5454545454545454,shared,digits,16,2,11,"[29, 214, 222]",6
0.4785276073619632,shared,digits,17,2,11,"[19, 143, 249]",11
0.3813813813813814,shared,digits,18,2,11,"[84, 186]",9
0.17275747508305647,shared,digits,19,2,11,[250],11
0.4036144578313253,shared,digits,20,2,11,"[6, 140]",9
0.4655436447166922,shared,digits,21,2,11,"[131, 217]",11
0.431858407079646,shared,digits,22,2,11,"[178, 191]",5
0.19295558958652373,shared,digits,23,2,11,[236],12
0.5922480620155038,shared,digits,24,2,11,"[61, 169, 181]",12
0.4486301369863014,shared,digits,25,2,11,"[47, 176]",8
0.6005665722379604,shared,digits,26,2,11,"[46, 123, 240]",8
0.3678516228748068,shared,digits,27,2,11,"[83, 198]",10
0.35392320534223703,shared,digits,28,2,11,"[1, 78, 171]",9
0.28376068376068375,shared,digits,29,2,11,"[107, 155]",8
0.45984251968503936,shared,digits,30,2,11,"[101, 226]",7
0.42857142857142855,shared,digits,31,2,11,"[145, 220]",8
0.4713804713804714,shared,digits,16,3,11,"[214, 222]",9
0.30214723926380366,shared,digits,17,3,11,"[19, 143]",13
0.3813813813813814,shared,digits,18,3,11,"[84, 186]",9
0.19767441860465115,shared,digits,19,3,11,"[14, 245]",10
0.18473895582329317,shared,digits,20,3,11,"[6, 109]",9
0.15926493108728942,shared,digits,21,3,11,"[1, 47]",8
0.431858407079646,shared,digits,22,3,11,"[178, 191]",9
0.37978560490045943,shared,digits,23,3,11,"[210, 236]",12
0.27596899224806204,shared,digits,24,3,11,"[76, 181]",14
0.20205479452054795,shared,digits,25,3,11,[47],7
0.37960339943342775,shared,digits,26,3,11,"[46, 123]",9
0.3678516228748068,shared,digits,27,3,11,"[83, 198]",7
0.4307178631051753,shared,digits,28,3,11,"[42, 78]",5
0.3452991452991453,shared,digits,29,3,11,"[11, 155]",8
0.3669291338582677,shared,digits,30,3,11,"[10, 101]",5
0.12536443148688048,shared,digits,31,3,11,"[1, 102]",9
0.265993265993266,shared,digits,16,0,22,[214],8
0.4110429447852761,shared,digits,17,0,22,"[143, 235]",10
0.3813813813813814,shared,digits,18,0,22,"[84, 186]",7
0.43521594684385384,shared,digits,19,0,22,"[194, 215]",13
0.3373493975903614,shared,digits,20,0,22,"[73, 140]",11
0.4655436447166922,shared,digits,21,0,22,"[131, 217]",9
0.5380530973451327,shared,digits,22,0,22,"[23, 178, 191]",13
0.37978560490045943,shared,digits,23,0,22,"[210, 236]",7
0.40310077519379844,shared,digits,24,0,22,"[61, 130, 181]",10
0.4486301369863014,shared,digits,25,0,22,"[47, 176]",9
0.6005665722379604,shared,digits,26,0,22,"[46, 123, 240]",8
0.3910355486862442,shared,digits,27,0,22,"[29, 83, 198]",12
0.46410684474123537,shared,digits,28,0,22,"[42, 78, 171]",10
0.20512820512820512,shared,digits,29,0,22,[251],11
0.050393700787401574,shared,digits,30,0,22,[151],13
0.6064139941690962,shared,digits,31,0,22,"[132, 145, 220]",8
0.4377104377104377,shared,digits,16,1,22,"[29, 222]",6
0.4110429447852761,shared,digits,17,1,22,"[143, 235]",8
0.3813813813813814,shared,digits,18,1,22,"[84, 186]",8
0.37375415282392027,shared,digits,19,1,22,"[14, 215, 250]",11
0.12048192771084337,shared,digits,20,1,22,"[42, 109]",7
0.5696784073506891,shared,digits,21,1,22,"[30, 131, 217]",9
0.5380530973451327,shared,digits,22,1,22,"[23, 178, 191]",6
0.37978560490045943,shared,digits,23,1,22,"[210, 236]",10
0.3627906976744186,shared,digits,24,1,22,"[61, 169]",11
0.4486301369863014,shared,digits,25,1,22,"[47, 176]",8
0.6005665722379604,shared,digits,26,1,22,"[46, 123, 240]",8
0.4945904173106646,shared,digits,27,1,22,"[27, 83, 250]",7
0.31886477462437396,shared,digits,28,1,22,"[6, 78]",7
0.5452991452991452,shared,digits,29,1,22,"[11, 155, 251]",7
0.2740157480314961,shared,digits,30,1,22,[101],8
0.6064139941690962,shared,digits,31,1,22,"[132, 145, 220]",7
0.4713804713804714,shared,digits,16,2,22,"[214, 222]",5
0.4110429447852761,shared,digits,17,2,22,"[143, 235]",9
0.6006006006006006,shared,digits,18,2,22,"[69, 84, 186]",7
0.31727574750830567,shared,digits,19,2,22,"[14, 215]",11
0.3413654618473896,shared,digits,20,2,22,"[42, 140]",7
0.4655436447166922,shared,digits,21,2,22,"[131, 217]",10
0.5380530973451327,shared,digits,22,2,22,"[23, 178, 191]",10
0.37978560490045943,shared,digits,23,2,22,"[210, 236]",10
0.40310077519379844,shared,digits,24,2,22,"[61, 130, 181]",8
0.4486301369863014,shared,digits,25,2,22,"[47, 176]",10
0.6005665722379604,shared,digits,26,2,22,"[46, 123, 240]",9
0.5935085007727975,shared,digits,27,2,22,"[83, 198, 250]",7
0.31886477462437396,shared,digits,28,2,22,"[6, 78]",6
0.5452991452991452,shared,digits,29,2,22,"[11, 155, 251]",9
0.3669291338582677,shared,digits,30,2,22,"[10, 101]",7
0.6064139941690962,shared,digits,31,2,22,"[132, 145, 220]",7
0.5454545454545454,shared,digits,16,3,22,"[29, 214, 222]",7
0.4110429447852761,shared,digits,17,3,22,"[143, 235]",10
0.6006006006006006,shared,digits,18,3,22,"[69, 84, 186]",9
0.37375415282392027,shared,digits,19,3,22,"[14, 215, 250]",12
0.3413654618473896,shared,digits,20,3,22,"[42, 140]",7
0.4655436447166922,shared,digits,21,3,22,"[131, 217]",9
0.5380530973451327,shared,digits,22,3,22,"[23, 178, 191]",7
0.37978560490045943,shared,digits,23,3,22,"[210, 236]",6
0.40310077519379844,shared,digits,24,3,22,"[61, 130, 181]",9
0.4486301369863014,shared,digits,25,3,22,"[47, 176]",12
0.6005665722379604,shared,digits,26,3,22,"[46, 123, 240]",8
0.5935085007727975,shared,digits,27,3,22,"[83, 198, 250]",9
0.4307178631051753,shared,digits,28,3,22,"[42, 78]",8
0.5452991452991452,shared,digits,29,3,22,"[11, 155, 251]",8
0.45984251968503936,shared,digits,30,3,22,"[101, 226]",8
0.6064139941690962,shared,digits,31,3,22,"[132, 145, 220]",11
0.4713804713804714,shared,digits,16,0,33,"[214, 222]",11
0.19631901840490798,shared,digits,17,0,33,[143],11
0.493993993993994,shared,digits,18,0,33,"[12, 69, 186]",10
0.43521594684385384,shared,digits,19,0,33,"[194, 215]",13
0.3413654618473896,shared,digits,20,0,33,"[42, 140]",11
0.3552833078101072,shared,digits,21,0,33,"[1, 131]",12
0.431858407079646,shared,digits,22,0,33,"[178, 191]",12
0.5880551301684533,shared,digits,23,0,33,"[203, 210, 236]",10
0.40310077519379844,shared,digits,24,0,33,"[61, 181]",8
0.4486301369863014,shared,digits,25,0,33,"[47, 176]",4
0.37960339943342775,shared,digits,26,0,33,"[46, 123]",10
0.42040185471406494,shared,digits,27,0,33,"[198, 250]",11
0.31886477462437396,shared,digits,28,0,33,"[6, 78]",12
0.24273504273504273,shared,digits,29,0,33,[155],8
0.30551181102362207,shared,digits,30,0,33,"[101, 153]",12
0.28425655976676384,shared,digits,31,0,33,"[1, 132]",9
0.2053872053872054,shared,digits,16,1,33,[222],6
0.25153374233128833,shared,digits,17,1,33,"[11, 143]",9
0.26426426426426425,shared,digits,18,1,33,"[84, 234]",9
0.25083056478405313,shared,digits,19,1,33,"[29, 143, 250]",10
0.4036144578313253,shared,digits,20,1,33,"[6, 140]",7
0.44869831546707506,shared,digits,21,1,33,"[15, 30, 217]",12
0.431858407079646,shared,digits,22,1,33,"[178, 191]",7
0.37978560490045943,shared,digits,23,1,33,"[210, 236]",10
0.40310077519379844,shared,digits,24,1,33,"[61, 130, 181]",12
0.4486301369863014,shared,digits,25,1,33,"[47, 176]",9
0.39660056657223797,shared,digits,26,1,33,"[123, 240]",9
0.4327666151468315,shared,digits,27,1,33,"[63, 83, 250]",10
0.32053422370617696,shared,digits,28,1,33,"[1, 78]",7
0.3452991452991453,shared,digits,29,1,33,"[11, 155]",7
0.45984251968503936,shared,digits,30,1,33,"[101, 226]",7
0.4970845481049563,shared,digits,31,1,33,"[1, 132, 220]",9
0.2053872053872054,shared,digits,16,2,33,[222],8
0.25153374233128833,shared,digits,17,2,33,"[11, 143]",11
0.21021021021021022,shared,digits,18,2,33,[84],8
0.287375415282392,shared,digits,19,2,33,"[14, 250]",11
0.4036144578313253,shared,digits,20,2,33,"[6, 140]",8
0.4655436447166922,shared,digits,21,2,33,"[131, 217]",12
0.431858407079646,shared,digits,22,2,33,"[178, 191]",8
0.37978560490045943,shared,digits,23,2,33,"[210, 236]",14
0.40310077519379844,shared,digits,24,2,33,"[61, 181]",11
0.4486301369863014,shared,digits,25,2,33,"[47, 176]",9
0.6005665722379604,shared,digits,26,2,33,"[46, 123, 240]",10
0.5935085007727975,shared,digits,27,2,33,"[83, 198, 250]",14
0.35392320534223703,shared,digits,28,2,33,"[1, 78, 171]",6
0.3452991452991453,shared,digits,29,2,33,"[11, 155]",8
0.2740157480314961,shared,digits,30,2,33,[101],8
0.4970845481049563,shared,digits,31,2,33,"[1, 132, 220]",10
0.4713804713804714,shared,digits,16,3,33,"[214, 222]",10
0.19631901840490798,shared,digits,17,3,33,[143],11
0.493993993993994,shared,digits,18,3,33,"[12, 69, 186]",9
0.3222591362126246,shared,digits,19,3,33,"[14, 29, 250]",10
0.39959839357429716,shared,digits,20,3,33,"[1, 140]",10
0.4655436447166922,shared,digits,21,3,33,"[131, 217]",12
0.431858407079646,shared,digits,22,3,33,"[178, 191]",10
0.4012251148545176,shared,digits,23,3,33,"[203, 236]",11
0.40310077519379844,shared,digits,24,3,33,"[61, 130, 181]",12
0.5428082191780822,shared,digits,25,3,33,"[34, 47, 176]",8
0.6005665722379604,shared,digits,26,3,33,"[46, 123, 240]",10
0.5935085007727975,shared,digits,27,3,33,"[83, 198, 250]",14
0.35392320534223703,shared,digits,28,3,33,"[1, 78, 171]",9
0.28376068376068375,shared,digits,29,3,33,"[107, 155]",9
0.2740157480314961,shared,digits,30,3,33,[101],8
0.4970845481049563,shared,digits,31,3,33,"[1, 132, 220]",9
0.4713804713804714,shuffled,digits,16,0,11,"[214, 222]",8
0.30214723926380366,shuffled,digits,17,0,11,"[19, 143]",12
0.6006006006006006,shuffled,digits,18,0,11,"[69, 84, 186]",12
0.31727574750830567,shuffled,digits,19,0,11,"[14, 215]",14
0.30120481927710846,shuffled,digits,20,0,11,"[72, 140]",9
0.3460949464012251,shuffled,digits,21,0,11,"[47, 131, 210]",7
0.431858407079646,shuffled,digits,22,0,11,"[178, 191]",6
0.19295558958652373,shuffled,digits,23,0,11,[236],10
0.40310077519379844,shuffled,digits,24,0,11,"[61, 130, 181]",7
0.4486301369863014,shuffled,digits,25,0,11,"[47, 176]",7
0.37960339943342775,shuffled,digits,26,0,11,"[46, 123]",9
0.3678516228748068,shuffled,digits,27,0,11,"[83, 198]",13
0.4307178631051753,shuffled,digits,28,0,11,"[42, 78]",12
0.28376068376068375,shuffled,digits,29,0,11,"[107, 155]",8
0.49133858267716535,shuffled,digits,30,0,11,"[101, 153, 226]",12
0.30174927113702626,shuffled,digits,31,0,11,"[1, 132, 198]",9
0.08754208754208755,shuffled,digits,16,1,11,[65],12
0.13190184049079753,shuffled,digits,17,1,11,"[152, 155]",12
0.22822822822822822,shuffled,digits,18,1,11,"[44, 186]",12
0.19933554817275748,shuffled,digits,19,1,11,"[26, 245]",12
0.0,shuffled,digits,20,1,11,[],12
0.0,shuffled,digits,21,1,11,[],11
0.26548672566371684,shuffled,digits,22,1,11,[178],16
0.18683001531393567,shuffled,digits,23,1,11,[210],14
0.18914728682170542,shuffled,digits,24,1,11,[169],14
0.0,shuffled,digits,25,1,11,[],13
0.17563739376770537,shuffled,digits,26,1,11,[123],12
0.04327666151468315,shuffled,digits,27,1,11,"[4, 145]",13
0.22036727879799667,shuffled,digits,28,1,11,[42],14
0.0,shuffled,digits,29,1,11,[],13
0.0,shuffled,digits,30,1,11,[],12
0.21574344023323616,shuffled,digits,31,1,11,[145],13
0.050505050505050504,shuffled,digits,16,2,11,[211],14
0.10122699386503067,shuffled,digits,17,2,11,[155],15
0.2882882882882883,shuffled,digits,18,2,11,"[44, 149, 186]",14
0.08305647840531562,shuffled,digits,19,2,11,[245],10
0.0,shuffled,digits,20,2,11,[],13
0.026033690658499236,shuffled,digits,21,2,11,[2],13
0.26548672566371684,shuffled,digits,22,2,11,[178],13
0.045941807044410414,shuffled,digits,23,2,11,[16],13
0.0,shuffled,digits,24,2,11,[],14
0.20205479452054795,shuffled,digits,25,2,11,[47],12
0.17563739376770537,shuffled,digits,26,2,11,[123],11
0.0,shuffled,digits,27,2,11,[],14
0.0333889816360601,shuffled,digits,28,2,11,[171],14
0.10256410256410256,shuffled,digits,29,2,11,[107],16
0.2551181102362205,shuffled,digits,30,2,11,"[9, 10]",14
0.0,shuffled,digits,31,2,11,[],11
0.050505050505050504,shuffled,digits,16,3,11,[211],9
0.13190184049079753,shuffled,digits,17,3,11,"[152, 155]",14
0.2882882882882883,shuffled,digits,18,3,11,"[44, 149, 186]",13
0.11295681063122924,shuffled,digits,19,3,11,"[26, 173]",15
0.13855421686746988,shuffled,digits,20,3,11,[6],12
0.2450229709035222,shuffled,digits,21,3,11,[131],13
0.26548672566371684,shuffled,digits,22,3,11,[178],11
0.06738131699846861,shuffled,digits,23,3,11,"[135, 161]",12
0.30077519379844964,shuffled,digits,24,3,11,"[96, 169]",13
0.20205479452054795,shuffled,digits,25,3,11,[47],11
0.17563739376770537,shuffled,digits,26,3,11,[123],14
0.1731066460587326,shuffled,digits,27,3,11,[83],13
0.0333889816360601,shuffled,digits,28,3,11,[171],13
0.28376068376068375,shuffled,digits,29,3,11,"[107, 155]",13
0.2740157480314961,shuffled,digits,30,3,11,[101],10
0.02040816326530612,shuffled,digits,31,3,11,[182],9
0.265993265993266,shuffled,digits,16,0,22,[214],8
0.4110429447852761,shuffled,digits,17,0,22,"[143, 235]",10
0.3813813813813814,shuffled,digits,18,0,22,"[84, 186]",7
0.43521594684385384,shuffled,digits,19,0,22,"[194, 215]",13
0.3373493975903614,shuffled,digits,20,0,22,"[73, 140]",11
0.4655436447166922,shuffled,digits,21,0,22,"[131, 217]",9
0.5380530973451327,shuffled,digits,22,0,22,"[23, 178, 191]",13
0.37978560490045943,shuffled,digits,23,0,22,"[210, 236]",7
0.40310077519379844,shuffled,digits,24,0,22,"[61, 130, 181]",10
0.4486301369863014,shuffled,digits,25,0,22,"[47, 176]",9
0.6005665722379604,shuffled,digits,26,0,22,"[46, 123, 240]",8
0.3910355486862442,shuffled,digits,27,0,22,"[29, 83, 198]",12
0.46410684474123537,shuffled,digits,28,0,22,"[42, 78, 171]",10
0.20512820512820512,shuffled,digits,29,0,22,[251],11
0.050393700787401574,shuffled,digits,30,0,22,[151],13
0.6064139941690962,shuffled,digits,31,0,22,"[132, 145, 220]",8
0.05387205387205387,shuffled,digits,16,1,22,[215],15
0.19631901840490798,shuffled,digits,17,1,22,[143],10
0.17117117117117117,shuffled,digits,18,1,22,[186],12
0.31727574750830567,shuffled,digits,19,1,22,"[14, 215]",14
0.13253012048192772,shuffled,digits,20,1,22,"[42, 228]",12
0.042879019908116385,shuffled,digits,21,1,22,"[51, 210]",11
0.26548672566371684,shuffled,digits,22,1,22,[178],14
0.18683001531393567,shuffled,digits,23,1,22,[210],12
0.40310077519379844,shuffled,digits,24,1,22,"[61, 130, 181]",13
0.2465753424657534,shuffled,digits,25,1,22,[176],11
0.0708215297450425,shuffled,digits,26,1,22,"[128, 180]",13
0.1731066460587326,shuffled,digits,27,1,22,[83],14
0.22036727879799667,shuffled,digits,28,1,22,[42],13
0.4478632478632479,shuffled,digits,29,1,22,"[155, 251]",14
0.1826771653543307,shuffled,digits,30,1,22,"[151, 211]",13
0.0,shuffled,digits,31,1,22,[],12
0.08754208754208755,shuffled,digits,16,2,22,[65],13
0.0,shuffled,digits,17,2,22,[],11
0.26126126126126126,shuffled,digits,18,2,22,"[41, 44, 186]",9
0.2026578073089701,shuffled,digits,19,2,22,[215],12
0.13253012048192772,shuffled,digits,20,2,22,"[42, 228]",11
0.2450229709035222,shuffled,digits,21,2,22,"[131, 210]",11
0.0,shuffled,digits,22,2,22,[],11
0.18683001531393567,shuffled,digits,23,2,22,[210],13
0.17364341085271318,shuffled,digits,24,2,22,"[61, 130]",12
0.4486301369863014,shuffled,digits,25,2,22,"[47, 176]",14
0.39660056657223797,shuffled,digits,26,2,22,"[123, 240]",13
0.3678516228748068,shuffled,digits,27,2,22,"[83, 198]",14
0.22036727879799667,shuffled,digits,28,2,22,[42],11
0.20512820512820512,shuffled,digits,29,2,22,[251],15
0.0,shuffled,digits,30,2,22,[],11
0.17784256559766765,shuffled,digits,31,2,22,[132],13
0.2053872053872054,shuffled,digits,16,3,22,[222],11
0.0,shuffled,digits,17,3,22,[],10
0.17117117117117117,shuffled,digits,18,3,22,[186],12
0.0,shuffled,digits,19,3,22,[],10
0.07630522088353414,shuffled,digits,20,3,22,[42],11
0.045941807044410414,shuffled,digits,21,3,22,[51],13
0.0,shuffled,digits,22,3,22,[],10
0.18683001531393567,shuffled,digits,23,3,22,[210],14
0.0,shuffled,digits,24,3,22,[130],12
0.0,shuffled,digits,25,3,22,[],12
0.42776203966005666,shuffled,digits,26,3,22,"[123, 181, 240]",13
0.1035548686244204,shuffled,digits,27,3,22,[27],14
0.22036727879799667,shuffled,digits,28,3,22,[42],9
0.0,shuffled,digits,29,3,22,[],13
0.04094488188976378,shuffled,digits,30,3,22,[235],10
0.21282798833819241,shuffled,digits,31,3,22,[220],12
0.4713804713804714,shuffled,digits,16,0,33,"[214, 222]",11
0.19631901840490798,shuffled,digits,17,0,33,[143],11
0.493993993993994,shuffled,digits,18,0,33,"[12, 69, 186]",10
0.43521594684385384,shuffled,digits,19,0,33,"[194, 215]",13
0.3413654618473896,shuffled,digits,20,0,33,"[42, 140]",11
0.3552833078101072,shuffled,digits,21,0,33,"[1, 131]",12
0.431858407079646,shuffled,digits,22,0,33,"[178, 191]",12
0.5880551301684533,shuffled,digits,23,0,33,"[203, 210, 236]",10
0.40310077519379844,shuffled,digits,24,0,33,"[61, 181]",8
0.4486301369863014,shuffled,digits,25,0,33,"[47, 176]",4
0.37960339943342775,shuffled,digits,26,0,33,"[46, 123]",10
0.42040185471406494,shuffled,digits,27,0,33,"[198, 250]",11
0.31886477462437396,shuffled,digits,28,0,33,"[6, 78]",12
0.24273504273504273,shuffled,digits,29,0,33,[155],8
0.30551181102362207,shuffled,digits,30,0,33,"[101, 153]",12
0.28425655976676384,shuffled,digits,31,0,33,"[1, 132]",9
0.037037037037037035,shuffled,digits,16,1,33,[77],14
0.30214723926380366,shuffled,digits,17,1,33,"[19, 143]",14
0.0,shuffled,digits,18,1,33,[],13
0.10299003322259136,shuffled,digits,19,1,33,[29],13
0.26506024096385544,shuffled,digits,20,1,33,[140],14
0.026033690658499236,shuffled,digits,21,1,33,[2],11
0.0,shuffled,digits,22,1,33,[],13
0.2082695252679939,shuffled,digits,23,1,33,[203],13
0.28837209302325584,shuffled,digits,24,1,33,"[181, 186]",13
0.2465753424657534,shuffled,digits,25,1,33,[176],13
0.17563739376770537,shuffled,digits,26,1,33,[123],11
0.02472952086553323,shuffled,digits,27,1,33,[43],14
0.0,shuffled,digits,28,1,33,[],15
0.0,shuffled,digits,29,1,33,[],14
0.031496062992125984,shuffled,digits,30,1,33,[153],13
0.02040816326530612,shuffled,digits,31,1,33,[54],12
0.0,shuffled,digits,16,2,33,[],14
0.4110429447852761,shuffled,digits,17,2,33,"[143, 235]",13
0.08708708708708708,shuffled,digits,18,2,33,[44],11
0.16611295681063123,shuffled,digits,19,2,33,"[29, 143]",13
0.26506024096385544,shuffled,digits,20,2,33,[140],12
0.3552833078101072,shuffled,digits,21,2,33,"[1, 131]",13
0.0,shuffled,digits,22,2,33,[],14
0.39509954058192953,shuffled,digits,23,2,33,"[203, 210]",14
0.0,shuffled,digits,24,2,33,[],10
0.3476027397260274,shuffled,digits,25,2,33,"[1, 176]",9
0.2790368271954674,shuffled,digits,26,2,33,"[1, 123]",14
0.02472952086553323,shuffled,digits,27,2,33,[43],13
0.24040066777963273,shuffled,digits,28,2,33,"[1, 42]",15
0.0,shuffled,digits,29,2,33,[],14
0.031496062992125984,shuffled,digits,30,2,33,[153],16
0.23323615160349853,shuffled,digits,31,2,33,"[54, 220]",12
0.265993265993266,shuffled,digits,16,3,33,[214],13
0.2147239263803681,shuffled,digits,17,3,33,[235],12
0.17117117117117117,shuffled,digits,18,3,33,[186],12
0.0,shuffled,digits,19,3,33,[],14
0.03614457831325301,shuffled,digits,20,3,33,[89],12
0.18529862174578868,shuffled,digits,21,3,33,"[1, 246]",13
0.0,shuffled,digits,22,3,33,[],14
0.027565084226646247,shuffled,digits,23,3,33,[141],15
0.22945736434108527,shuffled,digits,24,3,33,[181],8
0.4486301369863014,shuffled,digits,25,3,33,"[47, 176]",11
0.39660056657223797,shuffled,digits,26,3,33,"[123, 240]",15
0.1731066460587326,shuffled,digits,27,3,33,[83],13
0.15692821368948248,shuffled,digits,28,3,33,[1],13
0.0,shuffled,digits,29,3,33,[],15
0.04094488188976378,shuffled,digits,30,3,33,[235],13
0.39067055393586003,shuffled,digits,31,3,33,"[132, 220]",13
0.4713804713804714,frozen,strings,16,0,11,"[214, 222]",8
0.30214723926380366,frozen,strings,17,0,11,"[19, 143]",12
0.6006006006006006,frozen,strings,18,0,11,"[69, 84, 186]",12
0.2026578073089701,frozen,strings,19,0,11,[215],13
0.30120481927710846,frozen,strings,20,0,11,"[72, 140]",9
0.3460949464012251,frozen,strings,21,0,11,"[47, 131, 210]",7
0.431858407079646,frozen,strings,22,0,11,"[178, 191]",6
0.19295558958652373,frozen,strings,23,0,11,[236],10
0.40310077519379844,frozen,strings,24,0,11,"[61, 130, 181]",8
0.4486301369863014,frozen,strings,25,0,11,"[47, 176]",7
0.37960339943342775,frozen,strings,26,0,11,"[46, 123]",8
0.3678516228748068,frozen,strings,27,0,11,"[83, 198]",13
0.4307178631051753,frozen,strings,28,0,11,"[42, 78]",12
0.28376068376068375,frozen,strings,29,0,11,"[107, 155]",8
0.49133858267716535,frozen,strings,30,0,11,"[101, 153, 226]",12
0.30174927113702626,frozen,strings,31,0,11,"[1, 132, 198]",9
0.4713804713804714,frozen,strings,16,1,11,"[214, 222]",8
0.30214723926380366,frozen,strings,17,1,11,"[19, 143]",12
0.6006006006006006,frozen,strings,18,1,11,"[69, 84, 186]",12
0.2026578073089701,frozen,strings,19,1,11,[215],13
0.30120481927710846,frozen,strings,20,1,11,"[72, 140]",9
0.3460949464012251,frozen,strings,21,1,11,"[47, 131, 210]",7
0.431858407079646,frozen,strings,22,1,11,"[178, 191]",6
0.19295558958652373,frozen,strings,23,1,11,[236],10
0.40310077519379844,frozen,strings,24,1,11,"[61, 130, 181]",8
0.4486301369863014,frozen,strings,25,1,11,"[47, 176]",7
0.37960339943342775,frozen,strings,26,1,11,"[46, 123]",8
0.3678516228748068,frozen,strings,27,1,11,"[83, 198]",13
0.4307178631051753,frozen,strings,28,1,11,"[42, 78]",12
0.28376068376068375,frozen,strings,29,1,11,"[107, 155]",8
0.49133858267716535,frozen,strings,30,1,11,"[101, 153, 226]",12
0.30174927113702626,frozen,strings,31,1,11,"[1, 132, 198]",9
0.4713804713804714,frozen,strings,16,2,11,"[214, 222]",8
0.30214723926380366,frozen,strings,17,2,11,"[19, 143]",12
0.6006006006006006,frozen,strings,18,2,11,"[69, 84, 186]",12
0.2026578073089701,frozen,strings,19,2,11,[215],13
0.30120481927710846,frozen,strings,20,2,11,"[72, 140]",9
0.3460949464012251,frozen,strings,21,2,11,"[47, 131, 210]",7
0.431858407079646,frozen,strings,22,2,11,"[178, 191]",6
0.19295558958652373,frozen,strings,23,2,11,[236],10
0.40310077519379844,frozen,strings,24,2,11,"[61, 130, 181]",8
0.4486301369863014,frozen,strings,25,2,11,"[47, 176]",7
0.37960339943342775,frozen,strings,26,2,11,"[46, 123]",8
0.3678516228748068,frozen,strings,27,2,11,"[83, 198]",13
0.4307178631051753,frozen,strings,28,2,11,"[42, 78]",12
0.28376068376068375,frozen,strings,29,2,11,"[107, 155]",8
0.49133858267716535,frozen,strings,30,2,11,"[101, 153, 226]",12
0.30174927113702626,frozen,strings,31,2,11,"[1, 132, 198]",9
0.4713804713804714,frozen,strings,16,3,11,"[214, 222]",8
0.30214723926380366,frozen,strings,17,3,11,"[19, 143]",12
0.6006006006006006,frozen,strings,18,3,11,"[69, 84, 186]",12
0.2026578073089701,frozen,strings,19,3,11,[215],13
0.30120481927710846,frozen,strings,20,3,11,"[72, 140]",9
0.3460949464012251,frozen,strings,21,3,11,"[47, 131, 210]",7
0.431858407079646,frozen,strings,22,3,11,"[178, 191]",6
0.19295558958652373,frozen,strings,23,3,11,[236],10
0.40310077519379844,frozen,strings,24,3,11,"[61, 130, 181]",8
0.4486301369863014,frozen,strings,25,3,11,"[47, 176]",7
0.37960339943342775,frozen,strings,26,3,11,"[46, 123]",8
0.3678516228748068,frozen,strings,27,3,11,"[83, 198]",13
0.4307178631051753,frozen,strings,28,3,11,"[42, 78]",12
0.28376068376068375,frozen,strings,29,3,11,"[107, 155]",8
0.49133858267716535,frozen,strings,30,3,11,"[101, 153, 226]",12
0.30174927113702626,frozen,strings,31,3,11,"[1, 132, 198]",9
0.265993265993266,frozen,strings,16,0,22,[214],8
0.4110429447852761,frozen,strings,17,0,22,"[143, 235]",10
0.3813813813813814,frozen,strings,18,0,22,"[84, 186]",7
0.31561461794019935,frozen,strings,19,0,22,"[194, 245]",11
0.3373493975903614,frozen,strings,20,0,22,"[73, 140]",11
0.4655436447166922,frozen,strings,21,0,22,"[131, 217]",8
0.5380530973451327,frozen,strings,22,0,22,"[23, 178, 191]",12
0.37978560490045943,frozen,strings,23,0,22,"[210, 236]",7
0.40310077519379844,frozen,strings,24,0,22,"[61, 130, 181]",10
0.4486301369863014,frozen,strings,25,0,22,"[47, 176]",10
0.6005665722379604,frozen,strings,26,0,22,"[46, 123, 240]",8
0.3910355486862442,frozen,strings,27,0,22,"[29, 83, 198]",13
0.46410684474123537,frozen,strings,28,0,22,"[42, 78, 171]",10
0.20512820512820512,frozen,strings,29,0,22,[251],10
0.050393700787401574,frozen,strings,30,0,22,[151],12
0.6064139941690962,frozen,strings,31,0,22,"[132, 145, 220]",7
0.265993265993266,frozen,strings,16,1,22,[214],8
0.4110429447852761,frozen,strings,17,1,22,"[143, 235]",10
0.3813813813813814,frozen,strings,18,1,22,"[84, 186]",7
0.31561461794019935,frozen,strings,19,1,22,"[194, 245]",11
0.3373493975903614,frozen,strings,20,1,22,"[73, 140]",11
0.4655436447166922,frozen,strings,21,1,22,"[131, 217]",8
0.5380530973451327,frozen,strings,22,1,22,"[23, 178, 191]",12
0.37978560490045943,frozen,strings,23,1,22,"[210, 236]",7
0.40310077519379844,frozen,strings,24,1,22,"[61, 130, 181]",10
0.4486301369863014,frozen,strings,25,1,22,"[47, 176]",10
0.6005665722379604,frozen,strings,26,1,22,"[46, 123, 240]",8
0.3910355486862442,frozen,strings,27,1,22,"[29, 83, 198]",13
0.46410684474123537,frozen,strings,28,1,22,"[42, 78, 171]",10
0.20512820512820512,frozen,strings,29,1,22,[251],10
0.050393700787401574,frozen,strings,30,1,22,[151],12
0.6064139941690962,frozen,strings,31,1,22,"[132, 145, 220]",7
0.265993265993266,frozen,strings,16,2,22,[214],8
0.4110429447852761,frozen,strings,17,2,22,"[143, 235]",10
0.3813813813813814,frozen,strings,18,2,22,"[84, 186]",7
0.31561461794019935,frozen,strings,19,2,22,"[194, 245]",11
0.3373493975903614,frozen,strings,20,2,22,"[73, 140]",11
0.4655436447166922,frozen,strings,21,2,22,"[131, 217]",8
0.5380530973451327,frozen,strings,22,2,22,"[23, 178, 191]",12
0.37978560490045943,frozen,strings,23,2,22,"[210, 236]",7
0.40310077519379844,frozen,strings,24,2,22,"[61, 130, 181]",10
0.4486301369863014,frozen,strings,25,2,22,"[47, 176]",10
0.6005665722379604,frozen,strings,26,2,22,"[46, 123, 240]",8
0.3910355486862442,frozen,strings,27,2,22,"[29, 83, 198]",13
0.46410684474123537,frozen,strings,28,2,22,"[42, 78, 171]",10
0.20512820512820512,frozen,strings,29,2,22,[251],10
0.050393700787401574,frozen,strings,30,2,22,[151],12
0.6064139941690962,frozen,strings,31,2,22,"[132, 145, 220]",7
0.265993265993266,frozen,strings,16,3,22,[214],8
0.4110429447852761,frozen,strings,17,3,22,"[143, 235]",10
0.3813813813813814,frozen,strings,18,3,22,"[84, 186]",7
0.31561461794019935,frozen,strings,19,3,22,"[194, 245]",11
0.3373493975903614,frozen,strings,20,3,22,"[73, 140]",11
0.4655436447166922,frozen,strings,21,3,22,"[131, 217]",8
0.5380530973451327,frozen,strings,22,3,22,"[23, 178, 191]",12
0.37978560490045943,frozen,strings,23,3,22,"[210, 236]",7
0.40310077519379844,frozen,strings,24,3,22,"[61, 130, 181]",10
0.4486301369863014,frozen,strings,25,3,22,"[47, 176]",10
0.6005665722379604,frozen,strings,26,3,22,"[46, 123, 240]",8
0.3910355486862442,frozen,strings,27,3,22,"[29, 83, 198]",13
0.46410684474123537,frozen,strings,28,3,22,"[42, 78, 171]",10
0.20512820512820512,frozen,strings,29,3,22,[251],10
0.050393700787401574,frozen,strings,30,3,22,[151],12
0.6064139941690962,frozen,strings,31,3,22,"[132, 145, 220]",7
0.4713804713804714,frozen,strings,16,0,33,"[214, 222]",12
0.19631901840490798,frozen,strings,17,0,33,[143],10
0.493993993993994,frozen,strings,18,0,33,"[12, 69, 186]",10
0.33554817275747506,frozen,strings,19,0,33,"[29, 194]",9
0.3413654618473896,frozen,strings,20,0,33,"[42, 140]",10
0.3552833078101072,frozen,strings,21,0,33,"[1, 131]",12
0.431858407079646,frozen,strings,22,0,33,"[178, 191]",12
0.5880551301684533,frozen,strings,23,0,33,"[203, 210, 236]",9
0.40310077519379844,frozen,strings,24,0,33,"[61, 181]",8
0.4486301369863014,frozen,strings,25,0,33,"[47, 176]",4
0.37960339943342775,frozen,strings,26,0,33,"[46, 123]",8
0.42040185471406494,frozen,strings,27,0,33,"[198, 250]",11
0.31886477462437396,frozen,strings,28,0,33,"[6, 78]",10
0.24273504273504273,frozen,strings,29,0,33,[155],8
0.30551181102362207,frozen,strings,30,0,33,"[101, 153]",13
0.28425655976676384,frozen,strings,31,0,33,"[1, 132]",9
0.4713804713804714,frozen,strings,16,1,33,"[214, 222]",12
0.19631901840490798,frozen,strings,17,1,33,[143],10
0.493993993993994,frozen,strings,18,1,33,"[12, 69, 186]",10
0.33554817275747506,frozen,strings,19,1,33,"[29, 194]",9
0.3413654618473896,frozen,strings,20,1,33,"[42, 140]",10
0.3552833078101072,frozen,strings,21,1,33,"[1, 131]",12
0.431858407079646,frozen,strings,22,1,33,"[178, 191]",12
0.5880551301684533,frozen,strings,23,1,33,"[203, 210, 236]",9
0.40310077519379844,frozen,strings,24,1,33,"[61, 181]",8
0.4486301369863014,frozen,strings,25,1,33,"[47, 176]",4
0.37960339943342775,frozen,strings,26,1,33,"[46, 123]",8
0.42040185471406494,frozen,strings,27,1,33,"[198, 250]",11
0.31886477462437396,frozen,strings,28,1,33,"[6, 78]",10
0.24273504273504273,frozen,strings,29,1,33,[155],8
0.30551181102362207,frozen,strings,30,1,33,"[101, 153]",13
0.28425655976676384,frozen,strings,31,1,33,"[1, 132]",9
0.4713804713804714,frozen,strings,16,2,33,"[214, 222]",12
0.19631901840490798,frozen,strings,17,2,33,[143],10
0.493993993993994,frozen,strings,18,2,33,"[12, 69, 186]",10
0.33554817275747506,frozen,strings,19,2,33,"[29, 194]",9
0.3413654618473896,frozen,strings,20,2,33,"[42, 140]",10
0.3552833078101072,frozen,strings,21,2,33,"[1, 131]",12
0.431858407079646,frozen,strings,22,2,33,"[178, 191]",12
0.5880551301684533,frozen,strings,23,2,33,"[203, 210, 236]",9
0.40310077519379844,frozen,strings,24,2,33,"[61, 181]",8
0.4486301369863014,frozen,strings,25,2,33,"[47, 176]",4
0.37960339943342775,frozen,strings,26,2,33,"[46, 123]",8
0.42040185471406494,frozen,strings,27,2,33,"[198, 250]",11
0.31886477462437396,frozen,strings,28,2,33,"[6, 78]",10
0.24273504273504273,frozen,strings,29,2,33,[155],8
0.30551181102362207,frozen,strings,30,2,33,"[101, 153]",13
0.28425655976676384,frozen,strings,31,2,33,"[1, 132]",9
0.4713804713804714,frozen,strings,16,3,33,"[214, 222]",12
0.19631901840490798,frozen,strings,17,3,33,[143],10
0.493993993993994,frozen,strings,18,3,33,"[12, 69, 186]",10
0.33554817275747506,frozen,strings,19,3,33,"[29, 194]",9
0.3413654618473896,frozen,strings,20,3,33,"[42, 140]",10
0.3552833078101072,frozen,strings,21,3,33,"[1, 131]",12
0.431858407079646,frozen,strings,22,3,33,"[178, 191]",12
0.5880551301684533,frozen,strings,23,3,33,"[203, 210, 236]",9
0.40310077519379844,frozen,strings,24,3,33,"[61, 181]",8
0.4486301369863014,frozen,strings,25,3,33,"[47, 176]",4
0.37960339943342775,frozen,strings,26,3,33,"[46, 123]",8
0.42040185471406494,frozen,strings,27,3,33,"[198, 250]",11
0.31886477462437396,frozen,strings,28,3,33,"[6, 78]",10
0.24273504273504273,frozen,strings,29,3,33,[155],8
0.30551181102362207,frozen,strings,30,3,33,"[101, 153]",13
0.28425655976676384,frozen,strings,31,3,33,"[1, 132]",9
0.4713804713804714,joint,strings,16,0,11,"[214, 222]",8
0.30214723926380366,joint,strings,17,0,11,"[19, 143]",12
0.6006006006006006,joint,strings,18,0,11,"[69, 84, 186]",12
0.2026578073089701,joint,strings,19,0,11,[215],13
0.30120481927710846,joint,strings,20,0,11,"[72, 140]",9
0.3460949464012251,joint,strings,21,0,11,"[47, 131, 210]",7
0.431858407079646,joint,strings,22,0,11,"[178, 191]",6
0.19295558958652373,joint,strings,23,0,11,[236],10
0.40310077519379844,joint,strings,24,0,11,"[61, 130, 181]",8
0.4486301369863014,joint,strings,25,0,11,"[47, 176]",7
0.37960339943342775,joint,strings,26,0,11,"[46, 123]",8
0.3678516228748068,joint,strings,27,0,11,"[83, 198]",13
0.4307178631051753,joint,strings,28,0,11,"[42, 78]",12
0.28376068376068375,joint,strings,29,0,11,"[107, 155]",8
0.49133858267716535,joint,strings,30,0,11,"[101, 153, 226]",12
0.30174927113702626,joint,strings,31,0,11,"[1, 132, 198]",9
0.4713804713804714,joint,strings,16,1,11,"[214, 222]",2
0.29754601226993865,joint,strings,17,1,11,"[143, 155]",4
0.6006006006006006,joint,strings,18,1,11,"[69, 84, 186]",4
0.3122923588039867,joint,strings,19,1,11,"[173, 194, 245]",4
0.3413654618473896,joint,strings,20,1,11,"[42, 140]",4
0.3460949464012251,joint,strings,21,1,11,"[47, 131, 210]",3
0.431858407079646,joint,strings,22,1,11,"[178, 191]",2
0.37978560490045943,joint,strings,23,1,11,"[210, 236]",6
0.5922480620155038,joint,strings,24,1,11,"[61, 169, 181]",3
0.4486301369863014,joint,strings,25,1,11,"[47, 176]",3
0.2521246458923513,joint,strings,26,1,11,"[70, 123, 181]",3
0.3678516228748068,joint,strings,27,1,11,"[83, 198]",5
0.5409015025041736,joint,strings,28,1,11,"[27, 42, 78]",7
0.3452991452991453,joint,strings,29,1,11,"[11, 155]",5
0.2740157480314961,joint,strings,30,1,11,[101],4
0.3935860058309038,joint,strings,31,1,11,"[132, 145]",2
0.4713804713804714,joint,strings,16,2,11,"[214, 222]",2
0.30214723926380366,joint,strings,17,2,11,"[19, 143]",5
0.6006006006006006,joint,strings,18,2,11,"[69, 84, 186]",3
0.3122923588039867,joint,strings,19,2,11,"[173, 194, 245]",5
0.3373493975903614,joint,strings,20,2,11,"[73, 140]",3
0.3460949464012251,joint,strings,21,2,11,"[47, 131, 210]",4
0.431858407079646,joint,strings,22,2,11,"[178, 191]",2
0.37978560490045943,joint,strings,23,2,11,"[210, 236]",3
0.5922480620155038,joint,strings,24,2,11,"[61, 169, 181]",4
0.4486301369863014,joint,strings,25,2,11,"[47, 176]",3
0.42492917847025496,joint,strings,26,2,11,"[46, 70, 123]",4
0.3678516228748068,joint,strings,27,2,11,"[83, 198]",4
0.5409015025041736,joint,strings,28,2,11,"[27, 42, 78]",5
0.3452991452991453,joint,strings,29,2,11,"[11, 155]",4
0.2740157480314961,joint,strings,30,2,11,[101],4
0.3935860058309038,joint,strings,31,2,11,"[132, 145]",3
0.4713804713804714,joint,strings,16,3,11,"[214, 222]",2
0.5828220858895705,joint,strings,17,3,11,"[143, 235, 249]",5
0.39039039039039036,joint,strings,18,3,11,"[69, 186]",2
0.23255813953488372,joint,strings,19,3,11,[194],3
0.3373493975903614,joint,strings,20,3,11,"[73, 140]",3
0.4655436447166922,joint,strings,21,3,11,"[131, 217]",4
0.431858407079646,joint,strings,22,3,11,"[178, 191]",2
0.37978560490045943,joint,strings,23,3,11,"[210, 236]",4
0.5922480620155038,joint,strings,24,3,11,"[61, 169, 181]",4
0.4486301369863014,joint,strings,25,3,11,"[47, 176]",3
0.6005665722379604,joint,strings,26,3,11,"[46, 123, 240]",4
0.5935085007727975,joint,strings,27,3,11,"[83, 198, 250]",4
0.5409015025041736,joint,strings,28,3,11,"[27, 42, 78]",6
0.3452991452991453,joint,strings,29,3,11,"[11, 155]",3
0.45984251968503936,joint,strings,30,3,11,"[101, 226]",5
0.6064139941690962,joint,strings,31,3,11,"[132, 145, 220]",4
0.265993265993266,joint,strings,16,0,22,[214],8
0.4110429447852761,joint,strings,17,0,22,"[143, 235]",10
0.3813813813813814,joint,strings,18,0,22,"[84, 186]",7
0.31561461794019935,joint,strings,19,0,22,"[194, 245]",11
0.3373493975903614,joint,strings,20,0,22,"[73, 140]",11
0.4655436447166922,joint,strings,21,0,22,"[131, 217]",8
0.5380530973451327,joint,strings,22,0,22,"[23, 178, 191]",12
0.37978560490045943,joint,strings,23,0,22,"[210, 236]",7
0.40310077519379844,joint,strings,24,0,22,"[61, 130, 181]",10
0.4486301369863014,joint,strings,25,0,22,"[47, 176]",10
0.6005665722379604,joint,strings,26,0,22,"[46, 123, 240]",8
0.3910355486862442,joint,strings,27,0,22,"[29, 83, 198]",13
0.46410684474123537,joint,strings,28,0,22,"[42, 78, 171]",10
0.20512820512820512,joint,strings,29,0,22,[251],10
0.050393700787401574,joint,strings,30,0,22,[151],12
0.6064139941690962,joint,strings,31,0,22,"[132, 145, 220]",7
0.265993265993266,joint,strings,16,1,22,[214],3
0.4110429447852761,joint,strings,17,1,22,"[143, 235]",3
0.6006006006006006,joint,strings,18,1,22,"[69, 84, 186]",3
0.23255813953488372,joint,strings,19,1,22,[194],4
0.3413654618473896,joint,strings,20,1,22,"[42, 140]",4
0.3460949464012251,joint,strings,21,1,22,"[47, 131, 210]",4
0.431858407079646,joint,strings,22,1,22,"[178, 191]",2
0.37978560490045943,joint,strings,23,1,22,"[210, 236]",3
0.40310077519379844,joint,strings,24,1,22,"[61, 130, 181]",3
0.4486301369863014,joint,strings,25,1,22,"[47, 176]",3
0.42492917847025496,joint,strings,26,1,22,"[46, 70, 123]",6
0.3678516228748068,joint,strings,27,1,22,"[83, 198]",2
0.4307178631051753,joint,strings,28,1,22,"[42, 78]",4
0.10256410256410256,joint,strings,29,1,22,[107],3
0.2740157480314961,joint,strings,30,1,22,[101],2
0.3935860058309038,joint,strings,31,1,22,"[132, 145]",2
0.265993265993266,joint,strings,16,2,22,[214],4
0.4110429447852761,joint,strings,17,2,22,"[143, 235]",4
0.6006006006006006,joint,strings,18,2,22,"[69, 84, 186]",5
0.2292358803986711,joint,strings,19,2,22,"[173, 194]",3
0.39959839357429716,joint,strings,20,2,22,"[1, 140]",3
0.4655436447166922,joint,strings,21,2,22,"[131, 217]",5
0.431858407079646,joint,strings,22,2,22,"[178, 191]",2
0.37978560490045943,joint,strings,23,2,22,"[210, 236]",3
0.40310077519379844,joint,strings,24,2,22,"[61, 130, 181]",3
0.4486301369863014,joint,strings,25,2,22,"[47, 176]",4
0.42492917847025496,joint,strings,26,2,22,"[46, 70, 123]",6
0.3678516228748068,joint,strings,27,2,22,"[83, 198]",2
0.4307178631051753,joint,strings,28,2,22,"[42, 78]",4
0.3452991452991453,joint,strings,29,2,22,"[11, 155]",4
0.38110236220472443,joint,strings,30,2,22,"[19, 101]",3
0.3935860058309038,joint,strings,31,2,22,"[132, 145]",2
0.265993265993266,joint,strings,16,3,22,[214],3
0.4110429447852761,joint,strings,17,3,22,"[143, 235]",4
0.6006006006006006,joint,strings,18,3,22,"[69, 84, 186]",4
0.2292358803986711,joint,strings,19,3,22,"[173, 194]",6
0.39959839357429716,joint,strings,20,3,22,"[1, 140]",4
0.3552833078101072,joint,strings,21,3,22,"[1, 131]",4
0.431858407079646,joint,strings,22,3,22,"[178, 191]",2
0.37978560490045943,joint,strings,23,3,22,"[210, 236]",4
0.40310077519379844,joint,strings,24,3,22,"[61, 130, 181]",4
0.4486301369863014,joint,strings,25,3,22,"[47, 176]",5
0.42492917847025496,joint,strings,26,3,22,"[46, 70, 123]",4
0.3678516228748068,joint,strings,27,3,22,"[83, 198]",2
0.4307178631051753,joint,strings,28,3,22,"[42, 78]",3
0.3452991452991453,joint,strings,29,3,22,"[11, 155]",5
0.2740157480314961,joint,strings,30,3,22,[101],2
0.3935860058309038,joint,strings,31,3,22,"[132, 145]",2
0.4713804713804714,joint,strings,16,0,33,"[214, 222]",12
0.19631901840490798,joint,strings,17,0,33,[143],10
0.493993993993994,joint,strings,18,0,33,"[12, 69, 186]",10
0.33554817275747506,joint,strings,19,0,33,"[29, 194]",9
0.3413654618473896,joint,strings,20,0,33,"[42, 140]",10
0.3552833078101072,joint,strings,21,0,33,"[1, 131]",12
0.431858407079646,joint,strings,22,0,33,"[178, 191]",12
0.5880551301684533,joint,strings,23,0,33,"[203, 210, 236]",9
0.40310077519379844,joint,strings,24,0,33,"[61, 181]",8
0.4486301369863014,joint,strings,25,0,33,"[47, 176]",4
0.37960339943342775,joint,strings,26,0,33,"[46, 123]",8
0.42040185471406494,joint,strings,27,0,33,"[198, 250]",11
0.31886477462437396,joint,strings,28,0,33,"[6, 78]",10
0.24273504273504273,joint,strings,29,0,33,[155],8
0.30551181102362207,joint,strings,30,0,33,"[101, 153]",13
0.28425655976676384,joint,strings,31,0,33,"[1, 132]",9
0.4713804713804714,joint,strings,16,1,33,"[214, 222]",3
0.19631901840490798,joint,strings,17,1,33,[143],3
0.39039039039039036,joint,strings,18,1,33,"[69, 186]",3
0.2292358803986711,joint,strings,19,1,33,"[173, 194]",2
0.3413654618473896,joint,strings,20,1,33,"[42, 140]",3
0.4655436447166922,joint,strings,21,1,33,"[131, 217]",6
0.431858407079646,joint,strings,22,1,33,"[178, 191]",2
0.37978560490045943,joint,strings,23,1,33,"[210, 236]",4
0.5922480620155038,joint,strings,24,1,33,"[61, 169, 181]",6
0.4486301369863014,joint,strings,25,1,33,"[47, 176]",3
0.22096317280453256,joint,strings,26,1,33,"[70, 123]",3
0.5935085007727975,joint,strings,27,1,33,"[83, 198, 250]",5
0.46410684474123537,joint,strings,28,1,33,"[42, 78, 171]",5
0.4478632478632479,joint,strings,29,1,33,"[155, 251]",6
0.2740157480314961,joint,strings,30,1,33,[101],3
0.3935860058309038,joint,strings,31,1,33,"[132, 145]",2
0.4713804713804714,joint,strings,16,2,33,"[214, 222]",4
0.4110429447852761,joint,strings,17,2,33,"[143, 235]",4
0.6006006006006006,joint,strings,18,2,33,"[69, 84, 186]",3
0.2292358803986711,joint,strings,19,2,33,"[173, 194]",3
0.3413654618473896,joint,strings,20,2,33,"[42, 140]",5
0.4655436447166922,joint,strings,21,2,33,"[131, 217]",9
0.431858407079646,joint,strings,22,2,33,"[178, 191]",3
0.37978560490045943,joint,strings,23,2,33,"[210, 236]",5
0.5922480620155038,joint,strings,24,2,33,"[61, 169, 181]",6
0.4486301369863014,joint,strings,25,2,33,"[47, 176]",3
0.6005665722379604,joint,strings,26,2,33,"[46, 123, 240]",4
0.5935085007727975,joint,strings,27,2,33,"[83, 198, 250]",5
0.46410684474123537,joint,strings,28,2,33,"[42, 78, 171]",3
0.4478632478632479,joint,strings,29,2,33,"[155, 251]",5
0.2740157480314961,joint,strings,30,2,33,[101],3
0.3935860058309038,joint,strings,31,2,33,"[132, 145]",2
0.4713804713804714,joint,strings,16,3,33,"[214, 222]",3
0.5828220858895705,joint,strings,17,3,33,"[143, 235, 249]",5
0.39039039039039036,joint,strings,18,3,33,"[69, 186]",2
0.2292358803986711,joint,strings,19,3,33,"[173, 194]",3
0.3373493975903614,joint,strings,20,3,33,"[73, 140]",4
0.4992343032159265,joint,strings,21,3,33,"[66, 131, 217]",6
0.431858407079646,joint,strings,22,3,33,"[178, 191]",2
0.37978560490045943,joint,strings,23,3,33,"[210, 236]",3
0.5922480620155038,joint,strings,24,3,33,"[61, 169, 181]",4
0.4486301369863014,joint,strings,25,3,33,"[47, 176]",3
0.6005665722379604,joint,strings,26,3,33,"[46, 123, 240]",5
0.5935085007727975,joint,strings,27,3,33,"[83, 198, 250]",3
0.46410684474123537,joint,strings,28,3,33,"[42, 78, 171]",4
0.4478632478632479,joint,strings,29,3,33,"[155, 251]",4
0.2740157480314961,joint,strings,30,3,33,[101],5
0.6064139941690962,joint,strings,31,3,33,"[132, 145, 220]",4
0.4713804713804714,shared,strings,16,0,11,"[214, 222]",8
0.30214723926380366,shared,strings,17,0,11,"[19, 143]",12
0.6006006006006006,shared,strings,18,0,11,"[69, 84, 186]",12
0.2026578073089701,shared,strings,19,0,11,[215],13
0.30120481927710846,shared,strings,20,0,11,"[72, 140]",9
0.3460949464012251,shared,strings,21,0,11,"[47, 131, 210]",7
0.431858407079646,shared,strings,22,0,11,"[178, 191]",6
0.19295558958652373,shared,strings,23,0,11,[236],10
0.40310077519379844,shared,strings,24,0,11,"[61, 130, 181]",8
0.4486301369863014,shared,strings,25,0,11,"[47, 176]",7
0.37960339943342775,shared,strings,26,0,11,"[46, 123]",8
0.3678516228748068,shared,strings,27,0,11,"[83, 198]",13
0.4307178631051753,shared,strings,28,0,11,"[42, 78]",12
0.28376068376068375,shared,strings,29,0,11,"[107, 155]",8
0.49133858267716535,shared,strings,30,0,11,"[101, 153, 226]",12
0.30174927113702626,shared,strings,31,0,11,"[1, 132, 198]",9
0.2053872053872054,shared,strings,16,1,11,[222],3
0.5828220858895705,shared,strings,17,1,11,"[143, 235, 249]",10
0.6006006006006006,shared,strings,18,1,11,"[69, 84, 186]",8
0.2059800664451827,shared,strings,19,1,11,"[125, 250]",11
0.3373493975903614,shared,strings,20,1,11,"[73, 140]",8
0.4655436447166922,shared,strings,21,1,11,"[131, 217]",6
0.431858407079646,shared,strings,22,1,11,"[178, 191]",5
0.19295558958652373,shared,strings,23,1,11,[236],3
0.14263565891472868,shared,strings,24,1,11,[96],9
0.4486301369863014,shared,strings,25,1,11,"[47, 176]",9
0.39660056657223797,shared,strings,26,1,11,"[123, 240]",10
0.3987635239567233,shared,strings,27,1,11,"[83, 250]",7
0.4307178631051753,shared,strings,28,1,11,"[42, 78]",6
0.3452991452991453,shared,strings,29,1,11,"[11, 155]",7
0.45984251968503936,shared,strings,30,1,11,"[101, 226]",5
0.6064139941690962,shared,strings,31,1,11,"[132, 145, 220]",9
0.2053872053872054,shared,strings,16,2,11,[222],4
0.4171779141104294,shared,strings,17,2,11,"[143, 155, 249]",10
0.6006006006006006,shared,strings,18,2,11,"[69, 84, 186]",8
0.2059800664451827,shared,strings,19,2,11,"[125, 250]",11
0.3373493975903614,shared,strings,20,2,11,"[73, 140]",8
0.4655436447166922,shared,strings,21,2,11,"[131, 217]",7
0.2831858407079646,shared,strings,22,2,11,"[177, 191]",5
0.19295558958652373,shared,strings,23,2,11,[236],2
0.14263565891472868,shared,strings,24,2,11,[96],10
0.2534246575342466,shared,strings,25,2,11,"[47, 233]",9
0.39660056657223797,shared,strings,26,2,11,"[123, 240]",9
0.3987635239567233,shared,strings,27,2,11,"[83, 250]",9
0.24373956594323873,shared,strings,28,2,11,"[72, 78]",8
0.28376068376068375,shared,strings,29,2,11,"[107, 155]",9
0.45984251968503936,shared,strings,30,2,11,"[101, 226]",6
0.39067055393586003,shared,strings,31,2,11,"[132, 220]",9
0.4713804713804714,shared,strings,16,3,11,"[214, 222]",5
0.4171779141104294,shared,strings,17,3,11,"[143, 155, 249]",10
0.6006006006006006,shared,strings,18,3,11,"[69, 84, 186]",9
0.17275747508305647,shared,strings,19,3,11,[250],9
0.3373493975903614,shared,strings,20,3,11,"[73, 140]",8
0.4655436447166922,shared,strings,21,3,11,"[131, 217]",7
0.431858407079646,shared,strings,22,3,11,"[178, 191]",6
0.19295558958652373,shared,strings,23,3,11,[236],6
0.40310077519379844,shared,strings,24,3,11,"[61, 181]",13
0.4486301369863014,shared,strings,25,3,11,"[47, 176]",8
0.42776203966005666,shared,strings,26,3,11,"[123, 181, 240]",9
0.42040185471406494,shared,strings,27,3,11,"[198, 250]",14
0.24373956594323873,shared,strings,28,3,11,"[72, 78]",11
0.28376068376068375,shared,strings,29,3,11,"[107, 155]",8
0.45984251968503936,shared,strings,30,3,11,"[101, 226]",8
0.6064139941690962,shared,strings,31,3,11,"[132, 145, 220]",8
0.265993265993266,shared,strings,16,0,22,[214],8
0.4110429447852761,shared,strings,17,0,22,"[143, 235]",10
0.3813813813813814,shared,strings,18,0,22,"[84, 186]",7
0.31561461794019935,shared,strings,19,0,22,"[194, 245]",11
0.3373493975903614,shared,strings,20,0,22,"[73, 140]",11
0.4655436447166922,shared,strings,21,0,22,"[131, 217]",8
0.5380530973451327,shared,strings,22,0,22,"[23, 178, 191]",12
0.37978560490045943,shared,strings,23,0,22,"[210, 236]",7
0.40310077519379844,shared,strings,24,0,22,"[61, 130, 181]",10
0.4486301369863014,shared,strings,25,0,22,"[47, 176]",10
0.6005665722379604,shared,strings,26,0,22,"[46, 123, 240]",8
0.3910355486862442,shared,strings,27,0,22,"[29, 83, 198]",13
0.46410684474123537,shared,strings,28,0,22,"[42, 78, 171]",10
0.20512820512820512,shared,strings,29,0,22,[251],10
0.050393700787401574,shared,strings,30,0,22,[151],12
0.6064139941690962,shared,strings,31,0,22,"[132, 145, 220]",7
0.4713804713804714,shared,strings,16,1,22,"[214, 222]",6
0.4110429447852761,shared,strings,17,1,22,"[143, 235]",9
0.3813813813813814,shared,strings,18,1,22,"[84, 186]",7
0.17275747508305647,shared,strings,19,1,22,[250],11
0.07630522088353414,shared,strings,20,1,22,[42],8
0.22358346094946402,shared,strings,21,1,22,[217],9
0.37168141592920356,shared,strings,22,1,22,"[11, 178]",5
0.19295558958652373,shared,strings,23,1,22,[236],11
0.27906976744186046,shared,strings,24,1,22,"[61, 96, 130]",10
0.4486301369863014,shared,strings,25,1,22,"[47, 176]",11
0.42776203966005666,shared,strings,26,1,22,"[123, 181, 240]",14
0.5935085007727975,shared,strings,27,1,22,"[83, 198, 250]",11
0.24373956594323873,shared,strings,28,1,22,"[72, 78]",8
0.3452991452991453,shared,strings,29,1,22,"[11, 155]",7
0.29606299212598425,shared,strings,30,1,22,"[9, 101]",7
0.6064139941690962,shared,strings,31,1,22,"[132, 145, 220]",14
0.4713804713804714,shared,strings,16,2,22,"[214, 222]",9
0.4110429447852761,shared,strings,17,2,22,"[143, 235]",7
0.6006006006006006,shared,strings,18,2,22,"[69, 84, 186]",8
0.2059800664451827,shared,strings,19,2,22,"[125, 250]",6
0.3413654618473896,shared,strings,20,2,22,"[42, 140]",8
0.4655436447166922,shared,strings,21,2,22,"[131, 217]",9
0.431858407079646,shared,strings,22,2,22,"[178, 191]",8
0.19295558958652373,shared,strings,23,2,22,[236],6
0.27906976744186046,shared,strings,24,2,22,"[61, 96, 130]",10
0.4486301369863014,shared,strings,25,2,22,"[47, 176]",8
0.6005665722379604,shared,strings,26,2,22,"[46, 123, 240]",9
0.5935085007727975,shared,strings,27,2,22,"[83, 198, 250]",10
0.4307178631051753,shared,strings,28,2,22,"[42, 78]",8
0.4478632478632479,shared,strings,29,2,22,"[155, 251]",9
0.45984251968503936,shared,strings,30,2,22,"[101, 226]",8
0.6064139941690962,shared,strings,31,2,22,"[132, 145, 220]",7
0.4713804713804714,shared,strings,16,3,22,"[214, 222]",7
0.4110429447852761,shared,strings,17,3,22,"[143, 235]",8
0.6006006006006006,shared,strings,18,3,22,"[69, 84, 186]",7
0.2059800664451827,shared,strings,19,3,22,"[125, 250]",12
0.3413654618473896,shared,strings,20,3,22,"[42, 140]",7
0.34915773353751917,shared,strings,21,3,22,"[47, 131]",10
0.26548672566371684,shared,strings,22,3,22,[178],5
0.37978560490045943,shared,strings,23,3,22,"[210, 236]",11
0.27906976744186046,shared,strings,24,3,22,"[61, 96, 130]",7
0.2773972602739726,shared,strings,25,3,22,"[102, 176]",11
0.6005665722379604,shared,strings,26,3,22,"[46, 123, 240]",10
0.3678516228748068,shared,strings,27,3,22,"[83, 198]",11
0.21035058430717862,shared,strings,28,3,22,[78],7
0.4478632478632479,shared,strings,29,3,22,"[155, 251]",6
0.2740157480314961,shared,strings,30,3,22,[101],4
0.3935860058309038,shared,strings,31,3,22,"[132, 145]",7
0.4713804713804714,shared,strings,16,0,33,"[214, 222]",12
0.19631901840490798,shared,strings,17,0,33,[143],10
0.493993993993994,shared,strings,18,0,33,"[12, 69, 186]",10
0.33554817275747506,shared,strings,19,0,33,"[29, 194]",9
0.3413654618473896,shared,strings,20,0,33,"[42, 140]",10
0.3552833078101072,shared,strings,21,0,33,"[1, 131]",12
0.431858407079646,shared,strings,22,0,33,"[178, 191]",12
0.5880551301684533,shared,strings,23,0,33,"[203, 210, 236]",9
0.40310077519379844,shared,strings,24,0,33,"[61, 181]",8
0.4486301369863014,shared,strings,25,0,33,"[47, 176]",4
0.37960339943342775,shared,strings,26,0,33,"[46, 123]",8
0.42040185471406494,shared,strings,27,0,33,"[198, 250]",11
0.31886477462437396,shared,strings,28,0,33,"[6, 78]",10
0.24273504273504273,shared,strings,29,0,33,[155],8
0.30551181102362207,shared,strings,30,0,33,"[101, 153]",13
0.28425655976676384,shared,strings,31,0,33,"[1, 132]",9
0.2053872053872054,shared,strings,16,1,33,[222],8
0.25153374233128833,shared,strings,17,1,33,"[11, 143]",11
0.43543543543543545,shared,strings,18,1,33,"[84, 186, 234]",11
0.25083056478405313,shared,strings,19,1,33,"[29, 143, 250]",10
0.4036144578313253,shared,strings,20,1,33,"[6, 140]",8
0.3445635528330781,shared,strings,21,1,33,"[15, 217]",9
0.431858407079646,shared,strings,22,1,33,"[178, 191]",7
0.4012251148545176,shared,strings,23,1,33,"[203, 236]",7
0.17364341085271318,shared,strings,24,1,33,[61],14
0.2465753424657534,shared,strings,25,1,33,[176],6
0.39660056657223797,shared,strings,26,1,33,"[123, 240]",10
0.3987635239567233,shared,strings,27,1,33,"[83, 250]",12
0.46410684474123537,shared,strings,28,1,33,"[42, 78, 171]",9
0.4478632478632479,shared,strings,29,1,33,"[155, 251]",6
0.45984251968503936,shared,strings,30,1,33,"[101, 226]",7
0.6064139941690962,shared,strings,31,1,33,"[132, 145, 220]",10
0.2053872053872054,shared,strings,16,2,33,[222],8
0.4110429447852761,shared,strings,17,2,33,"[143, 235]",11
0.4444444444444444,shared,strings,18,2,33,"[69, 109, 186]",12
0.25083056478405313,shared,strings,19,2,33,"[29, 143, 250]",11
0.3373493975903614,shared,strings,20,2,33,"[73, 140]",8
0.4992343032159265,shared,strings,21,2,33,"[66, 131, 217]",8
0.431858407079646,shared,strings,22,2,33,"[178, 191]",5
0.19295558958652373,shared,strings,23,2,33,[236],8
0.3627906976744186,shared,strings,24,2,33,"[61, 169]",14
0.2465753424657534,shared,strings,25,2,33,[176],6
0.39660056657223797,shared,strings,26,2,33,"[123, 240]",7
0.3987635239567233,shared,strings,27,2,33,"[83, 250]",13
0.46410684474123537,shared,strings,28,2,33,"[42, 78, 171]",8
0.4478632478632479,shared,strings,29,2,33,"[155, 251]",6
0.45984251968503936,shared,strings,30,2,33,"[101, 226]",7
0.6064139941690962,shared,strings,31,2,33,"[132, 145, 220]",8
0.2053872053872054,shared,strings,16,3,33,[222],9
0.4110429447852761,shared,strings,17,3,33,"[143, 235]",9
0.493993993993994,shared,strings,18,3,33,"[12, 69, 186]",13
0.25083056478405313,shared,strings,19,3,33,"[29, 143, 250]",9
0.3413654618473896,shared,strings,20,3,33,"[42, 140]",7
0.4992343032159265,shared,strings,21,3,33,"[66, 131, 217]",9
0.431858407079646,shared,strings,22,3,33,"[178, 191]",8
0.4012251148545176,shared,strings,23,3,33,"[203, 236]",6
0.26046511627906976,shared,strings,24,3,33,"[61, 94]",14
0.4486301369863014,shared,strings,25,3,33,"[47, 176]",6
0.39660056657223797,shared,strings,26,3,33,"[123, 240]",8
0.3987635239567233,shared,strings,27,3,33,"[83, 250]",11
0.4307178631051753,shared,strings,28,3,33,"[42, 78]",10
0.4478632478632479,shared,strings,29,3,33,"[155, 251]",8
0.45984251968503936,shared,strings,30,3,33,"[101, 226]",7
0.6064139941690962,shared,strings,31,3,33,"[132, 145, 220]",9
