aux_examples,aux_input_tokens,aux_target_tokens,condition,domain,exec_examples,exec_input_tokens,exec_target_tokens,family_accuracy,family_program_accuracy,pressure_accuracy,pressure_program_accuracy,proposal_compression,proposal_diversity,round,seed,short_accuracy,short_program_accuracy
,,,frozen,digits,,,,0.0,0.0,0.0,0.0,0.3793918847666294,9.6875,0,11,0.0,0.0
0,0,0,frozen,digits,2048,354300,161106,0.921875,0.9296875,0.953125,0.96875,0.3793918847666294,9.6875,1,11,1.0,1.0
0,0,0,frozen,digits,2048,351372,158666,0.9609375,0.9609375,0.9375,0.953125,0.3793918847666294,9.6875,2,11,1.0,1.0
0,0,0,frozen,digits,2048,353556,160486,0.78125,0.78125,0.796875,0.796875,0.3793918847666294,9.6875,3,11,1.0,1.0
,,,frozen,digits,,,,0.0,0.0,0.0,0.0,0.39898381634291663,9.9375,0,22,0.0,0.0
0,0,0,frozen,digits,2048,355584,162176,0.8046875,0.8125,0.765625,0.765625,0.39898381634291663,9.9375,1,22,1.0,1.0
0,0,0,frozen,digits,2048,352068,159246,0.9765625,0.9765625,1.0,1.0,0.39898381634291663,9.9375,2,22,1.0,1.0
0,0,0,frozen,digits,2048,355032,161716,1.0,1.0,1.0,1.0,0.39898381634291663,9.9375,3,22,1.0,1.0
,,,frozen,digits,,,,0.0,0.0,0.0,0.0,0.3822860057503887,10.25,0,33,0.0,0.0
0,0,0,frozen,digits,2048,350700,158106,0.953125,0.953125,0.921875,0.953125,0.3822860057503887,10.25,1,33,1.0,1.0
0,0,0,frozen,digits,2048,354216,161036,0.8828125,0.8828125,0.875,0.875,0.3822860057503887,10.25,2,33,0.984375,1.0
0,0,0,frozen,digits,2048,352908,159946,0.9453125,0.953125,0.953125,0.953125,0.3822860057503887,10.25,3,33,1.0,1.0
,,,joint,digits,,,,0.0,0.0,0.0,0.0,0.3793918847666294,9.6875,0,11,0.0,0.0
512,155214,3584,joint,digits,2048,354300,161106,0.9765625,0.984375,0.96875,0.96875,0.4108416562410494,4.0625,1,11,1.0,1.0
512,154692,3584,joint,digits,2048,354756,161486,0.8515625,0.890625,0.859375,0.890625,0.4307285206449177,3.5625,2,11,0.984375,1.0
512,155150,3584,joint,digits,2048,354492,161266,0.921875,0.921875,0.921875,0.921875,0.4469893072602274,4,3,11,0.96875,1.0
,,,joint,digits,,,,0.0,0.0,0.0,0.0,0.39898381634291663,9.9375,0,22,0.0,0.0
512,154746,3584,joint,digits,2048,355584,162176,0.84375,0.875,0.90625,0.90625,0.4132570941756526,3.5625,1,22,1.0,1.0
512,156240,3584,joint,digits,2048,355212,161866,0.9375,0.9453125,0.984375,0.984375,0.41145878585590967,3.3125,2,22,1.0,1.0
512,156688,3584,joint,digits,2048,355620,162206,0.8671875,0.8828125,0.953125,0.953125,0.41853486339617213,3.75,3,22,1.0,1.0
,,,joint,digits,,,,0.0,0.0,0.0,0.0,0.3822860057503887,10.25,0,33,0.0,0.0
512,154174,3544,joint,digits,2048,350700,158106,0.984375,0.9921875,0.96875,0.984375,0.45056498901494785,4,1,33,1.0,1.0
512,153102,3536,joint,digits,2048,353136,160136,0.8984375,0.8984375,0.921875,0.9375,0.4421690303964163,3.875,2,33,1.0,1.0
512,153830,3530,joint,digits,2048,353304,160276,0.96875,0.9765625,0.953125,0.96875,0.42910876603435383,3.6875,3,33,1.0,1.0
,,,replay,digits,,,,0.0,0.0,0.0,0.0,0.3793918847666294,9.6875,0,11,0.0,0.0
512,155300,3472,replay,digits,2048,354300,161106,0.796875,0.8125,0.875,0.875,0.34574349238556756,8.1875,1,11,0.96875,1.0
512,154506,3496,replay,digits,2048,353700,160606,0.9140625,0.9296875,0.96875,0.96875,0.3739692727649761,9.5,2,11,1.0,1.0
512,154830,3498,replay,digits,2048,356232,162716,0.96875,0.9765625,0.953125,0.984375,0.34077875674756736,6.5625,3,11,1.0,1.0
,,,replay,digits,,,,0.0,0.0,0.0,0.0,0.39898381634291663,9.9375,0,22,0.0,0.0
512,154066,3518,replay,digits,2048,355584,162176,0.90625,0.9140625,0.875,0.875,0.36775926884030063,6.875,1,22,1.0,1.0
512,154776,3530,replay,digits,2048,354804,161526,0.9375,0.984375,0.90625,0.953125,0.3663129673348041,7.875,2,22,1.0,1.0
512,155618,3522,replay,digits,2048,354828,161546,0.9453125,0.9453125,0.984375,0.984375,0.3401225892150956,7.5,3,22,1.0,1.0
,,,replay,digits,,,,0.0,0.0,0.0,0.0,0.3822860057503887,10.25,0,33,0.0,0.0
512,155058,3498,replay,digits,2048,350700,158106,0.796875,0.796875,0.84375,0.84375,0.41211686624688887,9,1,33,1.0,1.0
512,154582,3508,replay,digits,2048,353280,160256,0.9375,0.9453125,0.921875,0.953125,0.4067389616303467,8.9375,2,33,1.0,1.0
512,155082,3508,replay,digits,2048,353004,160026,0.8671875,0.875,0.921875,0.9375,0.36300513007158314,9.25,3,33,1.0,1.0
,,,shared,digits,,,,0.0,0.0,0.0,0.0,0.3793918847666294,9.6875,0,11,0.0,0.0
0,0,0,shared,digits,2048,354300,161106,0.921875,0.9296875,0.953125,0.96875,0.42518350041202496,7.9375,1,11,1.0,1.0
0,0,0,shared,digits,2048,348024,155876,0.9921875,0.9921875,0.96875,0.96875,0.4129679587480684,9,2,11,1.0,1.0
0,0,0,shared,digits,2048,352500,159606,0.9921875,0.9921875,0.984375,0.984375,0.3126262995217068,8.9375,3,11,1.0,1.0
,,,shared,digits,,,,0.0,0.0,0.0,0.0,0.39898381634291663,9.9375,0,22,0.0,0.0
0,0,0,shared,digits,2048,355584,162176,0.8046875,0.8125,0.765625,0.765625,0.4289412150213498,8,1,22,1.0,1.0
0,0,0,shared,digits,2048,353652,160566,0.984375,0.984375,0.984375,0.984375,0.4630225378891293,8.25,2,22,1.0,1.0
0,0,0,shared,digits,2048,350580,158006,0.984375,0.984375,0.984375,0.984375,0.48397997249520813,8.75,3,22,1.0,1.0
,,,shared,digits,,,,0.0,0.0,0.0,0.0,0.3822860057503887,10.25,0,33,0.0,0.0
0,0,0,shared,digits,2048,350700,158106,0.953125,0.953125,0.921875,0.953125,0.37123944329623776,8.75,1,33,1.0,1.0
0,0,0,shared,digits,2048,347280,155256,0.8671875,0.9453125,0.859375,0.921875,0.38446483248174446,9.75,2,33,0.953125,1.0
0,0,0,shared,digits,2048,350148,157646,1.0,1.0,1.0,1.0,0.4206841520524477,10.125,3,33,1.0,1.0
,,,shuffled,digits,,,,0.0,0.0,0.0,0.0,0.3793918847666294,9.6875,0,11,0.0,0.0
512,155300,3472,shuffled,digits,2048,354300,161106,0.9296875,0.9296875,0.9375,0.9375,0.12146853165917813,12.8125,1,11,0.984375,1.0
512,154506,3496,shuffled,digits,2048,341496,150436,0.96875,0.984375,0.90625,0.890625,0.10183140107218425,13.1875,2,11,1.0,1.0
512,154830,3498,shuffled,digits,2048,308736,123136,0.8203125,0.828125,0.71875,0.734375,0.1727028015742203,12.1875,3,11,1.0,1.0
,,,shuffled,digits,,,,0.0,0.0,0.0,0.0,0.39898381634291663,9.9375,0,22,0.0,0.0
512,154066,3518,shuffled,digits,2048,355584,162176,0.859375,0.875,0.90625,0.890625,0.19442974111268985,12.6875,1,22,1.0,1.0
512,154776,3530,shuffled,digits,2048,342480,151256,0.8828125,0.9296875,0.875,0.9375,0.19411925310135209,12.125,2,22,0.984375,1.0
512,155618,3522,shuffled,digits,2048,344064,152576,0.9140625,0.9453125,0.9375,0.96875,0.10569327981941792,11.625,3,22,1.0,1.0
,,,shuffled,digits,,,,0.0,0.0,0.0,0.0,0.3822860057503887,10.25,0,33,0.0,0.0
512,155058,3498,shuffled,digits,2048,350700,158106,0.8984375,0.921875,0.921875,0.9375,0.10804727142459128,13.125,1,33,1.0,1.0
512,154582,3508,shuffled,digits,2048,302988,118346,0.890625,0.9375,0.953125,0.984375,0.17726175301257324,12.9375,2,33,1.0,1.0
512,155082,3508,shuffled,digits,2048,322764,134826,0.875,0.8984375,0.9375,0.953125,0.17107718820649728,12.875,3,33,1.0,1.0
,,,frozen,strings,,,,0.0,0.0078125,0.0,0.0,0.3722282635041709,9.625,0,11,0.0,0.0
0,0,0,frozen,strings,2048,278193,106367,0.921875,0.96875,0.265625,0.96875,0.3722282635041709,9.625,1,11,0.984375,1.0
0,0,0,frozen,strings,2048,276689,105298,0.8828125,0.96875,0.21875,1.0,0.3722282635041709,9.625,2,11,0.96875,1.0
0,0,0,frozen,strings,2048,277110,105573,0.90625,0.9375,0.25,0.96875,0.3722282635041709,9.625,3,11,1.0,1.0
,,,frozen,strings,,,,0.0,0.0078125,0.0,0.0,0.3915087332864382,9.625,0,22,0.0,0.0
0,0,0,frozen,strings,2048,276471,105032,0.828125,0.9296875,0.140625,0.921875,0.3915087332864382,9.625,1,22,0.96875,1.0
0,0,0,frozen,strings,2048,276404,105019,0.9140625,0.984375,0.234375,0.984375,0.3915087332864382,9.625,2,22,0.921875,1.0
0,0,0,frozen,strings,2048,279542,107507,0.90625,0.9296875,0.078125,0.953125,0.3915087332864382,9.625,3,22,1.0,1.0
,,,frozen,strings,,,,0.0,0.0078125,0.0,0.0,0.37605676986999,9.6875,0,33,0.0,0.0
0,0,0,frozen,strings,2048,277377,105791,0.8828125,0.9609375,0.125,0.953125,0.37605676986999,9.6875,1,33,0.953125,1.0
0,0,0,frozen,strings,2048,278065,106331,0.953125,0.96875,0.25,0.984375,0.37605676986999,9.6875,2,33,0.984375,1.0
0,0,0,frozen,strings,2048,275228,104136,0.96875,0.96875,0.375,0.984375,0.37605676986999,9.6875,3,33,1.0,1.0
,,,joint,strings,,,,0.0,0.0078125,0.0,0.0,0.3722282635041709,9.625,0,11,0.0,0.0
512,155214,3584,joint,strings,2048,278193,106367,0.859375,0.984375,0.265625,0.984375,0.39972379579489997,3.8125,1,11,0.96875,1.0
512,154692,3584,joint,strings,2048,278581,106639,0.8671875,0.90625,0.296875,0.9375,0.41056065175207124,3.625,2,11,1.0,1.0
512,154602,3584,joint,strings,2048,279285,107289,0.953125,0.953125,0.28125,0.96875,0.46744366094703077,3.625,3,11,0.984375,1.0
,,,joint,strings,,,,0.0,0.0078125,0.0,0.0,0.3915087332864382,9.625,0,22,0.0,0.0
512,154746,3584,joint,strings,2048,276471,105032,0.5625,0.9140625,0.09375,0.96875,0.36591842526247415,3.1875,1,22,0.828125,1.0
512,155530,3584,joint,strings,2048,277949,106248,0.890625,0.9140625,0.1875,0.9375,0.3986797395008762,3.5625,2,22,0.96875,1.0
512,155986,3584,joint,strings,2048,277301,105728,0.8828125,0.9140625,0.21875,0.9375,0.3850955550583879,3.625,3,22,0.984375,1.0
,,,joint,strings,,,,0.0,0.0078125,0.0,0.0,0.37605676986999,9.6875,0,33,0.0,0.0
512,154708,3584,joint,strings,2048,277377,105791,0.8125,0.9765625,0.140625,0.984375,0.3963000373852904,3.6875,1,33,1.0,1.0
512,153496,3584,joint,strings,2048,278808,106954,0.9140625,0.953125,0.21875,0.953125,0.4465836333867908,4.1875,2,33,0.96875,1.0
512,154726,3584,joint,strings,2048,279077,107122,0.890625,0.921875,0.1875,0.96875,0.45933810297894595,3.75,3,33,0.96875,1.0
,,,shared,strings,,,,0.0,0.0078125,0.0,0.0,0.3722282635041709,9.625,0,11,0.0,0.0
0,0,0,shared,strings,2048,278193,106367,0.921875,0.96875,0.265625,0.96875,0.3907125253740144,7.25,1,11,0.984375,1.0
0,0,0,shared,strings,2048,278666,106641,0.8359375,0.859375,0.296875,0.84375,0.3298511243404824,7.75,2,11,0.953125,1.0
0,0,0,shared,strings,2048,278442,106738,0.984375,0.984375,0.421875,0.90625,0.3989546918912538,8.6875,3,11,1.0,1.0
,,,shared,strings,,,,0.0,0.0078125,0.0,0.0,0.3915087332864382,9.625,0,22,0.0,0.0
0,0,0,shared,strings,2048,276471,105032,0.828125,0.9296875,0.140625,0.921875,0.346348381398587,9.25,1,22,0.96875,1.0
0,0,0,shared,strings,2048,278178,106454,0.9140625,0.9453125,0.25,0.96875,0.4367087367939538,8.125,2,22,0.984375,1.0
0,0,0,shared,strings,2048,278942,107091,0.9375,0.9765625,0.234375,0.984375,0.36721877612637766,8.125,3,22,0.96875,0.984375
,,,shared,strings,,,,0.0,0.0078125,0.0,0.0,0.37605676986999,9.6875,0,33,0.0,0.0
0,0,0,shared,strings,2048,277377,105791,0.8828125,0.9609375,0.125,0.953125,0.3698911206776623,9.0625,1,33,0.953125,1.0
0,0,0,shared,strings,2048,278618,106807,0.859375,0.9140625,0.203125,0.890625,0.3847537246250743,8.75,2,33,0.984375,1.0
0,0,0,shared,strings,2048,277433,105826,0.9453125,0.9765625,0.203125,0.953125,0.40526468528530624,8.9375,3,33,1.0,1.0
