run,split,depth,n,correct,accuracy,program_accuracy,valid_execution,malformed
flat-original-s33,iid,,128,128,1.0,1.0,1.0,0
flat-original-s33,ood,,384,0,0.0,0.0,1.0,0
flat-original-s33,ood,3,128,0,0.0,0.0,1.0,0
flat-original-s33,ood,4,128,0,0.0,0.0,1.0,0
flat-original-s33,ood,5,128,0,0.0,0.0,1.0,0
flat-original-s33,pressure,,48,1,0.020833333333333332,0.0,0.9791666666666666,0
shuffled-original-s11,iid,,128,128,1.0,1.0,1.0,0
shuffled-original-s11,ood,,384,4,0.010416666666666666,0.010416666666666666,1.0,0
shuffled-original-s11,ood,3,128,4,0.03125,0.03125,1.0,0
shuffled-original-s11,ood,4,128,0,0.0,0.0,1.0,0
shuffled-original-s11,ood,5,128,0,0.0,0.0,1.0,0
shuffled-original-s11,pressure,,48,2,0.041666666666666664,0.0,1.0,0
macro-renamed-s22,iid,,128,128,1.0,1.0,1.0,0
macro-renamed-s22,ood,,384,170,0.4427083333333333,0.4401041666666667,1.0,0
macro-renamed-s22,ood,3,128,108,0.84375,0.84375,1.0,0
macro-renamed-s22,ood,4,128,48,0.375,0.375,1.0,0
macro-renamed-s22,ood,5,128,14,0.109375,0.1015625,1.0,0
macro-renamed-s22,pressure,,48,28,0.5833333333333334,0.5833333333333334,0.9791666666666666,0
macro-original-s33-tagged-stable,iid,,128,128,1.0,1.0,1.0,0
macro-original-s33-tagged-stable,ood,,384,29,0.07552083333333333,0.07552083333333333,1.0,1
macro-original-s33-tagged-stable,ood,3,128,29,0.2265625,0.2265625,1.0,0
macro-original-s33-tagged-stable,ood,4,128,0,0.0,0.0,1.0,1
macro-original-s33-tagged-stable,ood,5,128,0,0.0,0.0,1.0,0
macro-original-s33-tagged-stable,pressure,,48,0,0.0,0.0,1.0,0
natural-original-s33,iid,,128,128,1.0,1.0,1.0,0
natural-original-s33,ood,,384,1,0.0026041666666666665,0.0,1.0,0
natural-original-s33,ood,3,128,0,0.0,0.0,1.0,0
natural-original-s33,ood,4,128,1,0.0078125,0.0,1.0,0
natural-original-s33,ood,5,128,0,0.0,0.0,1.0,0
natural-original-s33,pressure,,48,0,0.0,0.0,1.0,0
natural-original-s22,iid,,128,128,1.0,1.0,1.0,0
natural-original-s22,ood,,384,0,0.0,0.0,1.0,0
natural-original-s22,ood,3,128,0,0.0,0.0,1.0,0
natural-original-s22,ood,4,128,0,0.0,0.0,1.0,0
natural-original-s22,ood,5,128,0,0.0,0.0,1.0,0
natural-original-s22,pressure,,48,0,0.0,0.0,1.0,0
macro-original-s11,iid,,128,128,1.0,1.0,1.0,0
macro-original-s11,ood,,384,118,0.3072916666666667,0.3072916666666667,1.0,0
macro-original-s11,ood,3,128,90,0.703125,0.703125,1.0,0
macro-original-s11,ood,4,128,19,0.1484375,0.1484375,1.0,0
macro-original-s11,ood,5,128,9,0.0703125,0.0703125,1.0,0
macro-original-s11,pressure,,48,20,0.4166666666666667,0.4166666666666667,0.9583333333333334,0
shuffled-original-s22,iid,,128,128,1.0,1.0,1.0,0
shuffled-original-s22,ood,,384,4,0.010416666666666666,0.010416666666666666,1.0,0
shuffled-original-s22,ood,3,128,4,0.03125,0.03125,1.0,0
shuffled-original-s22,ood,4,128,0,0.0,0.0,1.0,0
shuffled-original-s22,ood,5,128,0,0.0,0.0,1.0,0
shuffled-original-s22,pressure,,48,5,0.10416666666666667,0.08333333333333333,1.0,0
macro-original-s11-tagged-call,iid,,128,128,1.0,1.0,1.0,0
macro-original-s11-tagged-call,ood,,384,43,0.11197916666666667,0.10677083333333333,1.0,0
macro-original-s11-tagged-call,ood,3,128,37,0.2890625,0.28125,1.0,0
macro-original-s11-tagged-call,ood,4,128,6,0.046875,0.0390625,1.0,0
macro-original-s11-tagged-call,ood,5,128,0,0.0,0.0,1.0,0
macro-original-s11-tagged-call,pressure,,48,6,0.125,0.08333333333333333,1.0,0
macro-original-s22-tagged-stable,iid,,128,128,1.0,1.0,1.0,0
macro-original-s22-tagged-stable,ood,,384,175,0.4557291666666667,0.453125,1.0,0
macro-original-s22-tagged-stable,ood,3,128,103,0.8046875,0.8046875,1.0,0
macro-original-s22-tagged-stable,ood,4,128,53,0.4140625,0.4140625,1.0,0
macro-original-s22-tagged-stable,ood,5,128,19,0.1484375,0.140625,1.0,0
macro-original-s22-tagged-stable,pressure,,48,27,0.5625,0.5625,1.0,0
macro-renamed-s11,iid,,128,128,1.0,1.0,1.0,0
macro-renamed-s11,ood,,384,119,0.3098958333333333,0.3098958333333333,1.0,0
macro-renamed-s11,ood,3,128,88,0.6875,0.6875,1.0,0
macro-renamed-s11,ood,4,128,19,0.1484375,0.1484375,1.0,0
macro-renamed-s11,ood,5,128,12,0.09375,0.09375,1.0,0
macro-renamed-s11,pressure,,48,26,0.5416666666666666,0.5208333333333334,0.9791666666666666,0
macro-semantic-s33,iid,,128,128,1.0,1.0,1.0,0
macro-semantic-s33,ood,,384,174,0.453125,0.453125,1.0,0
macro-semantic-s33,ood,3,128,95,0.7421875,0.7421875,1.0,0
macro-semantic-s33,ood,4,128,61,0.4765625,0.4765625,1.0,0
macro-semantic-s33,ood,5,128,18,0.140625,0.140625,1.0,0
macro-semantic-s33,pressure,,48,32,0.6666666666666666,0.4791666666666667,1.0,0
shuffled-original-s33,iid,,128,128,1.0,1.0,1.0,0
shuffled-original-s33,ood,,384,0,0.0,0.0,1.0,0
shuffled-original-s33,ood,3,128,0,0.0,0.0,1.0,0
shuffled-original-s33,ood,4,128,0,0.0,0.0,1.0,0
shuffled-original-s33,ood,5,128,0,0.0,0.0,1.0,0
shuffled-original-s33,pressure,,48,0,0.0,0.0,1.0,0
macro-original-s33-tagged-call,iid,,128,128,1.0,1.0,1.0,0
macro-original-s33-tagged-call,ood,,384,84,0.21875,0.2109375,1.0,0
macro-original-s33-tagged-call,ood,3,128,72,0.5625,0.5546875,1.0,0
macro-original-s33-tagged-call,ood,4,128,11,0.0859375,0.078125,1.0,0
macro-original-s33-tagged-call,ood,5,128,1,0.0078125,0.0,1.0,0
macro-original-s33-tagged-call,pressure,,48,15,0.3125,0.125,1.0,0
frozen-original-s11-no-library,iid,,128,0,0.0,0.0,0.0,7
frozen-original-s11-no-library,ood,,384,0,0.0,0.0,0.0,17
frozen-original-s11-no-library,ood,3,128,0,0.0,0.0,0.0,5
frozen-original-s11-no-library,ood,4,128,0,0.0,0.0,0.0,4
frozen-original-s11-no-library,ood,5,128,0,0.0,0.0,0.0,8
frozen-original-s11-no-library,pressure,,48,3,0.0625,0.0,0.020833333333333332,5
natural-original-s11,iid,,128,128,1.0,1.0,1.0,0
natural-original-s11,ood,,384,0,0.0,0.0,1.0,0
natural-original-s11,ood,3,128,0,0.0,0.0,1.0,0
natural-original-s11,ood,4,128,0,0.0,0.0,1.0,0
natural-original-s11,ood,5,128,0,0.0,0.0,1.0,0
natural-original-s11,pressure,,48,0,0.0,0.0,1.0,0
flat-original-s22,iid,,128,128,1.0,1.0,1.0,0
flat-original-s22,ood,,384,0,0.0,0.0,0.9973958333333334,0
flat-original-s22,ood,3,128,0,0.0,0.0,0.9921875,0
flat-original-s22,ood,4,128,0,0.0,0.0,1.0,0
flat-original-s22,ood,5,128,0,0.0,0.0,1.0,0
flat-original-s22,pressure,,48,0,0.0,0.0,0.9583333333333334,0
macro-original-s22,iid,,128,128,1.0,1.0,1.0,0
macro-original-s22,ood,,384,145,0.3776041666666667,0.3776041666666667,1.0,0
macro-original-s22,ood,3,128,81,0.6328125,0.6328125,1.0,0
macro-original-s22,ood,4,128,50,0.390625,0.390625,1.0,0
macro-original-s22,ood,5,128,14,0.109375,0.109375,1.0,0
macro-original-s22,pressure,,48,20,0.4166666666666667,0.4166666666666667,1.0,0
macro-original-s22-tagged-call,iid,,128,128,1.0,1.0,1.0,0
macro-original-s22-tagged-call,ood,,384,80,0.20833333333333334,0.20052083333333334,1.0,0
macro-original-s22-tagged-call,ood,3,128,66,0.515625,0.5078125,1.0,0
macro-original-s22-tagged-call,ood,4,128,12,0.09375,0.0859375,1.0,0
macro-original-s22-tagged-call,ood,5,128,2,0.015625,0.0078125,1.0,0
macro-original-s22-tagged-call,pressure,,48,15,0.3125,0.16666666666666666,0.9583333333333334,0
macro-semantic-s22,iid,,128,128,1.0,1.0,1.0,0
macro-semantic-s22,ood,,384,111,0.2890625,0.2890625,1.0,0
macro-semantic-s22,ood,3,128,69,0.5390625,0.5390625,1.0,0
macro-semantic-s22,ood,4,128,32,0.25,0.25,1.0,0
macro-semantic-s22,ood,5,128,10,0.078125,0.078125,1.0,0
macro-semantic-s22,pressure,,48,17,0.3541666666666667,0.3125,0.9375,0
macro-renamed-s33,iid,,128,128,1.0,1.0,1.0,0
macro-renamed-s33,ood,,384,198,0.515625,0.5130208333333334,1.0,0
macro-renamed-s33,ood,3,128,108,0.84375,0.84375,1.0,0
macro-renamed-s33,ood,4,128,60,0.46875,0.46875,1.0,0
macro-renamed-s33,ood,5,128,30,0.234375,0.2265625,1.0,0
macro-renamed-s33,pressure,,48,36,0.75,0.7291666666666666,0.9791666666666666,0
frozen-original-s11-with-library,iid,,128,0,0.0,0.0,0.0,25
frozen-original-s11-with-library,ood,,384,0,0.0,0.0,0.015625,99
frozen-original-s11-with-library,ood,3,128,0,0.0,0.0,0.0,24
frozen-original-s11-with-library,ood,4,128,0,0.0,0.0,0.0078125,33
frozen-original-s11-with-library,ood,5,128,0,0.0,0.0,0.0390625,42
frozen-original-s11-with-library,pressure,,48,0,0.0,0.0,0.041666666666666664,17
macro-original-s11-tagged-stable,iid,,128,128,1.0,1.0,1.0,0
macro-original-s11-tagged-stable,ood,,384,120,0.3125,0.3098958333333333,1.0,0
macro-original-s11-tagged-stable,ood,3,128,83,0.6484375,0.6484375,1.0,0
macro-original-s11-tagged-stable,ood,4,128,20,0.15625,0.1484375,1.0,0
macro-original-s11-tagged-stable,ood,5,128,17,0.1328125,0.1328125,1.0,0
macro-original-s11-tagged-stable,pressure,,48,26,0.5416666666666666,0.5208333333333334,1.0,0
macro-semantic-s11,iid,,128,128,1.0,1.0,1.0,0
macro-semantic-s11,ood,,384,232,0.6041666666666666,0.6015625,0.9973958333333334,0
macro-semantic-s11,ood,3,128,104,0.8125,0.8125,1.0,0
macro-semantic-s11,ood,4,128,84,0.65625,0.65625,1.0,0
macro-semantic-s11,ood,5,128,44,0.34375,0.3359375,0.9921875,0
macro-semantic-s11,pressure,,48,32,0.6666666666666666,0.6666666666666666,1.0,0
flat-original-s11,iid,,128,128,1.0,1.0,1.0,0
flat-original-s11,ood,,384,1,0.0026041666666666665,0.0,0.9973958333333334,0
flat-original-s11,ood,3,128,0,0.0,0.0,1.0,0
flat-original-s11,ood,4,128,1,0.0078125,0.0,1.0,0
flat-original-s11,ood,5,128,0,0.0,0.0,0.9921875,0
flat-original-s11,pressure,,48,0,0.0,0.0,0.9166666666666666,0
macro-original-s33,iid,,128,128,1.0,1.0,1.0,0
macro-original-s33,ood,,384,80,0.20833333333333334,0.20833333333333334,1.0,0
macro-original-s33,ood,3,128,53,0.4140625,0.4140625,1.0,0
macro-original-s33,ood,4,128,15,0.1171875,0.1171875,1.0,0
macro-original-s33,ood,5,128,12,0.09375,0.09375,1.0,0
macro-original-s33,pressure,,48,12,0.25,0.22916666666666666,1.0,0
