condition,seed,update,correct,n,success_rate,cumulative_rollout_update_gpu_seconds,cumulative_training_output_tokens
STEP,301,0,129,256,0.50390625,0.0,0
STEP,301,10,136,256,0.53125,795.7218019962311,87393
STEP,301,20,156,256,0.609375,1579.8198101520538,173113
STEP,301,30,204,256,0.796875,2361.2035477161407,259083
STEP,301,40,216,256,0.84375,3139.840523004532,344028
STEP,301,50,234,256,0.9140625,3918.573855638504,428885
STEP,301,60,241,256,0.94140625,4689.730893611908,513582
STEP,301,70,242,256,0.9453125,5462.526545763016,597712
STEP,301,80,246,256,0.9609375,6233.972725868225,681652
STEP,301,90,246,256,0.9609375,7003.342313051224,766292
STEP,301,100,251,256,0.98046875,7790.058212518692,852147
NAME,301,0,124,256,0.484375,0.0,0
NAME,301,10,138,256,0.5390625,801.9288182258606,86428
NAME,301,20,181,256,0.70703125,1596.081580877304,171315
NAME,301,30,220,256,0.859375,2396.1549680233,257295
NAME,301,40,241,256,0.94140625,3188.781878232956,342731
NAME,301,50,251,256,0.98046875,3981.676730155945,428080
NAME,301,60,254,256,0.9921875,4770.943441390991,513291
NAME,301,70,253,256,0.98828125,5555.132517576218,597620
NAME,301,80,254,256,0.9921875,6343.036144018173,681889
NAME,301,90,254,256,0.9921875,7130.372163534164,766869
NAME,301,100,254,256,0.9921875,7922.483073949814,852997
STEP,302,0,129,256,0.50390625,0.0,0
STEP,302,10,134,256,0.5234375,784.2877080440521,86679
STEP,302,20,151,256,0.58984375,1567.462967157364,173589
STEP,302,30,199,256,0.77734375,2361.213775396347,258896
STEP,302,40,239,256,0.93359375,3129.168645620346,342472
STEP,302,50,251,256,0.98046875,3895.687473297119,426300
STEP,302,60,252,256,0.984375,4668.110854148865,511030
STEP,302,70,254,256,0.9921875,5440.108910560608,595520
STEP,302,80,256,256,1.0,6209.264106988907,680960
STEP,302,90,256,256,1.0,6980.73016834259,765760
STEP,302,100,256,256,1.0,7752.117103338242,849840
NAME,302,0,124,256,0.484375,0.0,0
NAME,302,10,132,256,0.515625,792.3624887466431,85583
NAME,302,20,191,256,0.74609375,1578.0247204303741,170215
NAME,302,30,219,256,0.85546875,2361.8779180049896,254415
NAME,302,40,237,256,0.92578125,3137.6312232017517,338092
NAME,302,50,246,256,0.9609375,3921.1183965206146,422244
NAME,302,60,253,256,0.98828125,4706.138421297073,507208
NAME,302,70,252,256,0.984375,5494.873504400253,592214
NAME,302,80,253,256,0.98828125,6283.778320074081,678115
NAME,302,90,253,256,0.98828125,7074.962690591812,763499
NAME,302,100,252,256,0.984375,7867.803299188614,848139
STEP,303,0,129,256,0.50390625,0.0,0
STEP,303,10,135,256,0.52734375,794.8240053653717,87792
STEP,303,20,163,256,0.63671875,1589.5468754768372,174215
STEP,303,30,213,256,0.83203125,2373.4293496608734,259035
STEP,303,40,235,256,0.91796875,3152.525621175766,343935
STEP,303,50,240,256,0.9375,3923.8385627269745,428443
STEP,303,60,249,256,0.97265625,4694.335339546204,512376
STEP,303,70,252,256,0.984375,5463.230976104736,596456
STEP,303,80,252,256,0.984375,6237.148181915283,680777
STEP,303,90,253,256,0.98828125,7011.50390625,764787
STEP,303,100,252,256,0.984375,7783.021321296692,849667
NAME,303,0,124,256,0.484375,0.0,0
NAME,303,10,132,256,0.515625,795.0359644889832,86957
NAME,303,20,179,256,0.69921875,1580.4604933261871,171711
NAME,303,30,219,256,0.85546875,2366.72780919075,255791
NAME,303,40,240,256,0.9375,3153.1160311698914,341074
NAME,303,50,249,256,0.97265625,3942.571010351181,426026
NAME,303,60,252,256,0.984375,4733.8404841423035,510612
NAME,303,70,254,256,0.9921875,5521.574422597885,595334
NAME,303,80,254,256,0.9921875,6311.96869635582,680134
NAME,303,90,254,256,0.9921875,7101.9044070243835,764546
NAME,303,100,254,256,0.9921875,7891.140060901642,849794
